x1,x2,x3
1.560943415950886370e+00,-2.079968212480991230e-01,1.500902391612914666e-01,0.000000000000000000e+00
1.687994034430464030e+00,-3.776158167323107051e-01,-2.352554556523251128e-01,0.000000000000000000e+00
1.525092464094761180e+00,-3.806807274857791634e-02,4.698469162417098083e-02,0.000000000000000000e+00
1.328321147966799565e+00,2.136452731773366143e-01,2.310358611116051231e-01,0.000000000000000000e+00
1.511303974972248554e+00,2.757931645186353364e-01,1.940640289304170207e-01,0.000000000000000000e+00
1.325169728745215103e+00,1.366663429193859525e-01,-6.619344526718778932e-02,0.000000000000000000e+00
1.671411320910655807e+00,6.549229182856486364e-02,1.135518774249612145e-01,0.000000000000000000e+00
1.357991251773481789e+00,3.325350630975911770e-01,1.444642731284539738e-01,0.000000000000000000e+00
1.406730601713983564e+00,3.013545038236198348e-02,3.065666141237143316e-01,0.000000000000000000e+00
1.563467372367027819e+00,1.956281042755845800e-01,3.108766875635586291e-01,0.000000000000000000e+00
1.916454180752893199e+00,4.430007162168889123e-02,1.467291484629447140e-01,0.000000000000000000e+00
1.322880281095493826e+00,2.612605417709539246e-01,4.992793427600706879e-01,0.000000000000000000e+00
1.460119961213071971e+00,-1.750694525849227912e-02,1.327223991042628115e-01,0.000000000000000000e+00
1.610067528235450407e+00,3.116110123501441564e-01,4.301945174655349424e-01,0.000000000000000000e+00
1.343651908436736431e+00,2.218024341555583645e-01,3.686419258656282172e-01,0.000000000000000000e+00
1.517062316332584260e+00,3.620381124782177107e-01,4.135459971498498533e-01,0.000000000000000000e+00
1.605444468253158341e+00,2.136205909108228329e-01,4.499389969335935713e-01,0.000000000000000000e+00
1.592023551743835252e+00,-7.900569247158337194e-02,3.512204418117385041e-01,0.000000000000000000e+00
1.367563136608163754e+00,9.693691731331369188e-02,3.829025301463404030e-01,0.000000000000000000e+00
1.756265955069653106e+00,6.379765221522412655e-02,6.540852303290096703e-01,0.000000000000000000e+00
1.116112719573867818e+00,1.822006882800971950e-01,5.151867675662706869e-01,0.000000000000000000e+00
1.565109804845037367e+00,4.035973232491776308e-01,6.632061304034448934e-01,0.000000000000000000e+00
1.373069436800782528e+00,1.810145256829789051e-01,6.977124337784321728e-01,0.000000000000000000e+00
1.399273947746159763e+00,3.043713677697101883e-02,3.207067487978826348e-01,0.000000000000000000e+00
1.248136802849876492e+00,3.970507910532635187e-01,5.967491589346503034e-01,0.000000000000000000e+00
1.564389737242828149e+00,2.241651677867237402e-01,6.205114023747453356e-01,0.000000000000000000e+00
1.545450019845070688e+00,2.596943558604483115e-01,7.003245712222889718e-01,0.000000000000000000e+00
1.281760840747836916e+00,2.608498788889463960e-01,5.524018231598269990e-01,0.000000000000000000e+00
1.168567981786396981e+00,4.426992601945989314e-01,5.542500873486113644e-01,0.000000000000000000e+00
1.403601426919257156e+00,4.532434652653538620e-01,7.564069285429717571e-01,0.000000000000000000e+00
1.527324179242907531e+00,3.491297904930287244e-01,6.009881233790103083e-01,0.000000000000000000e+00
1.371227018444353130e+00,4.303427880710231079e-02,4.143375765185605686e-01,0.000000000000000000e+00
1.115334312178798637e+00,1.926657516753003674e-01,8.013809083244782805e-01,0.000000000000000000e+00
1.191263225261284253e+00,3.280343900422306724e-01,9.984802182909511270e-01,0.000000000000000000e+00
1.293373462962296605e+00,5.626577987766160360e-01,5.686511094027947300e-01,0.000000000000000000e+00
1.315589611594488728e+00,2.365722375805015820e-01,7.038290919966683212e-01,0.000000000000000000e+00
1.516574522101562295e+00,9.246689575320737875e-02,8.742921607190543565e-01,0.000000000000000000e+00
1.387681986365923104e+00,3.303858892569976335e-01,5.134682473021523474e-01,0.000000000000000000e+00
1.345970266874596533e+00,3.545310175979530243e-01,8.639784228916730369e-01,0.000000000000000000e+00
1.327113183993869461e+00,7.919260178247298221e-01,7.838170315721532111e-01,0.000000000000000000e+00
1.109031931499643742e+00,5.184912815365327887e-01,8.894050507837522046e-01,0.000000000000000000e+00
1.576349334486093934e+00,6.606477991008635753e-01,9.299613641559668631e-01,0.000000000000000000e+00
1.587745963099424618e+00,2.667840724988895795e-01,7.432738064467037109e-01,0.000000000000000000e+00
1.100138432510728403e+00,4.374058643435769778e-01,6.079713526932439827e-01,0.000000000000000000e+00
1.402648243679140760e+00,4.816727181072467667e-01,6.006716376178685701e-01,0.000000000000000000e+00
1.062464428568451913e+00,5.994860462401259138e-01,1.073415061311233210e+00,0.000000000000000000e+00
1.654687962057109107e+00,1.130136684800044700e+00,9.990540741553758375e-01,0.000000000000000000e+00
1.046996670294409570e+00,1.314490683736911358e-01,9.795159242105392350e-01,0.000000000000000000e+00
1.071681212307108222e+00,4.851925596846002331e-01,8.127685050065354133e-01,0.000000000000000000e+00
1.195280703746376849e+00,7.917756495868266686e-01,9.752187569638971487e-01,0.000000000000000000e+00
1.180687393005502628e+00,3.816727135942400984e-01,6.168951116030247928e-01,0.000000000000000000e+00
1.103936035589324183e+00,5.881774628038545227e-01,1.312836731130495593e+00,0.000000000000000000e+00
1.215845334656464605e+00,8.055174259154181948e-01,8.662023625497083934e-01,0.000000000000000000e+00
9.412058545574824020e-01,4.258851728550913096e-01,8.272143701022629525e-01,0.000000000000000000e+00
1.592105934789217248e+00,4.644720661146155560e-01,1.145538960858444089e+00,0.000000000000000000e+00
9.738590042053238971e-01,8.248051960363640411e-01,1.059792747222187081e+00,0.000000000000000000e+00
1.110966280267437378e+00,6.399780501620693229e-01,8.561831992730346563e-01,0.000000000000000000e+00
1.219176614942873327e+00,5.666710633052390866e-01,7.457317693484495358e-01,0.000000000000000000e+00
8.618638246296408401e-01,7.016182768814068771e-01,1.309755002410750269e+00,0.000000000000000000e+00
1.136761660587056078e+00,6.527001965121982385e-01,1.053555497732929780e+00,0.000000000000000000e+00
1.353100529745104419e+00,7.295242860606122592e-01,9.160264760743406232e-01,0.000000000000000000e+00
1.300121651490474761e+00,7.805102914162433958e-01,1.306551751603164835e+00,0.000000000000000000e+00
1.102303476378454272e+00,4.588662646590779826e-01,7.263235690751974616e-01,0.000000000000000000e+00
1.382465900173075468e+00,1.057382704706887333e+00,9.639722948809171799e-01,0.000000000000000000e+00
9.620997403728529518e-01,1.013714921428231275e+00,7.777536529049663416e-01,0.000000000000000000e+00
8.460840049565849785e-01,8.587535457579544840e-01,9.188947920547098080e-01,0.000000000000000000e+00
1.010134726130191396e+00,7.059459790288354908e-01,1.063350983426098351e+00,0.000000000000000000e+00
1.278624848112151824e+00,7.651808051152682033e-01,1.122012574552746056e+00,0.000000000000000000e+00
5.729053421542057434e-01,7.456309650187465943e-01,8.213376452044177656e-01,0.000000000000000000e+00
7.248325964739159577e-01,5.879352327172360226e-01,9.192900909945685983e-01,0.000000000000000000e+00
1.137277597174457089e+00,5.063571636288680677e-01,9.877468075280082527e-01,0.000000000000000000e+00
8.426138147338361195e-01,7.140487502943896336e-01,1.177055304012695647e+00,0.000000000000000000e+00
1.032272456640338731e+00,1.054887053498431593e+00,9.398665779399861808e-01,0.000000000000000000e+00
7.705159160896203341e-01,7.503348918629202391e-01,1.012915429309187987e+00,0.000000000000000000e+00
9.299299500899211868e-01,5.858022037331700460e-01,9.755507950007255014e-01,0.000000000000000000e+00
9.250299475064318599e-01,1.313620527651030656e+00,1.325251354678231186e+00,0.000000000000000000e+00
6.933651923508048487e-01,7.599665083108970709e-01,6.490212527416743260e-01,0.000000000000000000e+00
7.303650554633227543e-01,8.877520401796432648e-01,1.174110407726341787e+00,0.000000000000000000e+00
6.870477599337040386e-01,7.008588690531987186e-01,4.941202793164488627e-01,0.000000000000000000e+00
7.845573659847584480e-01,6.261305321927376211e-01,8.077429094902781603e-01,0.000000000000000000e+00
6.258148713437463595e-01,8.265532031388876932e-01,5.515584425030175542e-01,0.000000000000000000e+00
4.917474304809462127e-01,1.277913400860666071e+00,6.345202219890491158e-01,0.000000000000000000e+00
5.496443337136825980e-01,1.225969857990327760e+00,1.461353119953309410e+00,0.000000000000000000e+00
5.184111720499569032e-01,7.913244100275163007e-01,9.364274720021935616e-01,0.000000000000000000e+00
1.082067734302918360e+00,6.738526973110057217e-01,8.062869476689448200e-01,0.000000000000000000e+00
8.752826869895984352e-01,9.642891111609298571e-01,7.667950375915991712e-01,0.000000000000000000e+00
6.764234220392383312e-01,6.083294205305093127e-01,7.805412625410845795e-01,0.000000000000000000e+00
6.331718730703473907e-01,9.355752017923325559e-01,7.027351347933561421e-01,0.000000000000000000e+00
7.639095985058285132e-01,1.097376060082365878e+00,8.299949352928450708e-01,0.000000000000000000e+00
7.229995364817225489e-01,9.110137672870532999e-01,7.835278070907714110e-01,0.000000000000000000e+00
4.912795346957493647e-01,9.690886000670184686e-01,7.481585998286870431e-01,0.000000000000000000e+00
1.037066919912497553e+00,1.225724169634639038e+00,8.284034332926667465e-01,0.000000000000000000e+00
4.485658833279495550e-01,6.936898931034929383e-01,9.726045175048180225e-01,0.000000000000000000e+00
6.363759236994439572e-01,1.017174611900174996e+00,3.681348251492876922e-01,0.000000000000000000e+00
7.518699656030085610e-01,1.016857699384644764e+00,4.771872589169422474e-01,0.000000000000000000e+00
4.545437012720140446e-01,9.833979645228300148e-01,6.915446807373151206e-01,0.000000000000000000e+00
4.727938017891321620e-01,9.144902112053048260e-01,6.120018783282511476e-01,0.000000000000000000e+00
5.440356939394841440e-01,1.233871331102149860e+00,1.299916358379491488e-01,0.000000000000000000e+00
4.483668745848523596e-01,9.791115277493175340e-01,6.830401250660289580e-01,0.000000000000000000e+00
4.034891505145319357e-01,5.965511576225779322e-01,6.695628146388925561e-01,0.000000000000000000e+00
8.054014846144988971e-01,6.450594195606687009e-01,7.564687045591645953e-01,0.000000000000000000e+00
3.762128522695558641e-01,9.433521095226740094e-01,3.524926251369755459e-01,0.000000000000000000e+00
3.569430536048557312e-01,1.219259667354310794e+00,6.586155257850982991e-01,0.000000000000000000e+00
7.521458034774570756e-01,1.198214811401167257e+00,6.085701974928423574e-01,0.000000000000000000e+00
7.362552628078582462e-01,1.053860114005198634e+00,6.646886431542413654e-01,0.000000000000000000e+00
3.098776108249228778e-01,9.825465297376387852e-01,3.376278879725140847e-01,0.000000000000000000e+00
5.487734988460942764e-01,7.365988583864404582e-01,6.113018023959577718e-01,0.000000000000000000e+00
2.943357841982162104e-01,1.209377071124150049e+00,5.824361789452365823e-01,0.000000000000000000e+00
6.781518001361006576e-01,1.123996058338904147e+00,9.501085583815638280e-02,0.000000000000000000e+00
2.821387201855134474e-01,7.459981173248302344e-01,2.826598290608244302e-01,0.000000000000000000e+00
5.792349728388310748e-01,1.110309316180553507e+00,2.231816181403154797e-01,0.000000000000000000e+00
5.566182901125077409e-02,9.916061521744337082e-01,9.607740237786976945e-02,0.000000000000000000e+00
1.055522940335161253e-01,1.049542632669161479e+00,5.466583422374132750e-01,0.000000000000000000e+00
3.428696751644483842e-01,5.308173350419658210e-01,3.524756467224532397e-01,0.000000000000000000e+00
2.168260694888501650e-01,1.073630979176437794e+00,5.906656819775859546e-01,0.000000000000000000e+00
-2.289584189988431162e-01,8.742528274982778180e-01,3.612568667285989688e-01,0.000000000000000000e+00
-1.513888850428386224e-01,1.289126560739365157e+00,2.922446335305829979e-01,0.000000000000000000e+00
3.154614016549394107e-01,8.810536735846798972e-01,3.566851483620501195e-01,0.000000000000000000e+00
3.410303548070039437e-01,1.042965873839855062e+00,2.160487050045569180e-01,0.000000000000000000e+00
1.625759420788437382e-01,8.247111079626990859e-01,1.147916273807384202e-01,0.000000000000000000e+00
5.915683504222066236e-02,1.074890695111787142e+00,3.192995428248104339e-01,0.000000000000000000e+00
-1.409060429218785271e-01,9.738836158683348287e-01,3.905874562500327163e-01,0.000000000000000000e+00
-9.678786552887740091e-02,8.349505497459023262e-01,1.096594398239129214e-01,0.000000000000000000e+00
2.019271918767545637e-01,1.002042445496812872e+00,3.098482918724269619e-01,0.000000000000000000e+00
1.855240838981108975e-01,1.168319422302342758e+00,1.297095079173571364e-01,0.000000000000000000e+00
4.608087952218026806e-01,9.589627076300972774e-01,-4.070001936835382361e-01,0.000000000000000000e+00
2.972426838461297294e-01,9.083362513460722099e-01,-9.897596849979484190e-03,0.000000000000000000e+00
2.194193278682398385e-01,6.791467959672021770e-01,-3.069611197808821967e-01,0.000000000000000000e+00
-3.816222804633347399e-01,8.403355313085791867e-01,6.173566285577150592e-03,0.000000000000000000e+00
2.460472097764021537e-02,1.053823297919357138e+00,-3.893771650705428744e-01,0.000000000000000000e+00
-5.611069689295120622e-01,1.008686533704704180e+00,-2.261816853865694088e-01,0.000000000000000000e+00
-2.604685163029563100e-02,1.137295697605129163e+00,-1.290970841426813676e-01,0.000000000000000000e+00
1.528358300781937351e-02,1.041678348489325279e+00,-7.555192040883985938e-02,0.000000000000000000e+00
-2.964750347928980512e-01,9.586870072453281821e-01,-1.669139928378052251e-01,0.000000000000000000e+00
-1.020737511683061927e-02,9.144765814524601355e-01,-1.266093049311953211e-01,0.000000000000000000e+00
-2.462258800763430233e-01,9.681744373595783104e-01,-8.936610140438655536e-02,0.000000000000000000e+00
-6.103846389719780330e-01,7.306892336480397265e-01,-5.759722622414331639e-01,0.000000000000000000e+00
-6.971766562897980801e-01,8.524746825750788570e-01,-1.537364070095687263e-01,0.000000000000000000e+00
-3.060745758861707078e-01,1.025672795523101533e+00,-1.096751475362099382e-01,0.000000000000000000e+00
-2.165373208387610937e-03,9.701180570219006816e-01,-8.048923117415807127e-02,0.000000000000000000e+00
-2.678396620838103814e-01,8.141408642436323007e-01,-4.935515223019096842e-01,0.000000000000000000e+00
-6.008893044715832854e-01,8.015129721528143625e-01,-4.695022323323960189e-01,0.000000000000000000e+00
-1.625336845685723952e-01,1.320657705184971498e+00,-6.973103109215241791e-01,0.000000000000000000e+00
-2.631026314554795187e-01,7.656041272598974601e-01,-3.486428037636298827e-01,0.000000000000000000e+00
-3.862487220907399044e-01,6.045865486204602401e-01,-2.803497366983324079e-01,0.000000000000000000e+00
-4.993377201366973051e-01,8.608885543200738288e-01,-7.020910086233331793e-01,0.000000000000000000e+00
-5.274404349536574443e-01,1.049994159193927024e+00,-5.478112289626456688e-01,0.000000000000000000e+00
-3.490347047738030506e-01,1.033395007429153356e+00,-2.673284687025047068e-01,0.000000000000000000e+00
-5.014419017125552047e-01,6.620812753060042466e-01,-3.391777267984382727e-01,0.000000000000000000e+00
-5.172312405118255629e-01,1.176661730137259498e+00,-4.967577494306640862e-01,0.000000000000000000e+00
-4.951385533583720355e-01,1.019637611231156038e+00,-2.036779762622588086e-01,0.000000000000000000e+00
-7.141803916915084871e-02,9.597472514144799183e-01,-5.819130733348127915e-01,0.000000000000000000e+00
-2.893920291367406694e-01,7.725774465556054516e-01,-5.670184807307977470e-01,0.000000000000000000e+00
-5.275585376467015752e-01,1.000180620642012075e+00,-8.195858582035702167e-01,0.000000000000000000e+00
-8.579625523922274066e-01,5.183429963504366800e-01,-8.952544136486454418e-01,0.000000000000000000e+00
-6.493615742451723793e-01,8.696941583733793779e-01,-3.027708412250162961e-01,0.000000000000000000e+00
-3.539168978338412819e-01,7.311598619958543654e-01,-6.386771610068614491e-01,0.000000000000000000e+00
-6.739290918700491240e-01,8.618044984092723126e-01,-6.887063786017252331e-01,0.000000000000000000e+00
-4.859831538682672925e-01,8.457790981866898372e-01,-5.300936070153456914e-01,0.000000000000000000e+00
-8.554122715796075305e-01,9.097072846686491410e-01,-2.399504821694125045e-01,0.000000000000000000e+00
-5.995165152127219788e-01,1.189747022095578366e+00,-7.573208741335143435e-01,0.000000000000000000e+00
-5.449827579930274224e-01,8.862689477133868232e-01,-8.253542415673595922e-01,0.000000000000000000e+00
-8.339355494868052610e-01,9.780650100353660559e-01,-9.767261888783177470e-01,0.000000000000000000e+00
-5.617154161689972280e-01,1.103299867777450594e+00,-7.477471005068839771e-01,0.000000000000000000e+00
-7.687654411292825785e-01,9.711328019669673850e-01,-8.969019485532991887e-01,0.000000000000000000e+00
-5.409766929630419607e-01,5.080161149088582295e-01,-9.158731406930760155e-01,0.000000000000000000e+00
-1.142703506210290154e+00,5.691041957686506780e-01,-5.890253102917564210e-01,0.000000000000000000e+00
-5.818410565536669132e-01,7.179017095975807061e-01,-1.174798022960062305e+00,0.000000000000000000e+00
-1.370000132768745882e+00,7.466434152708397720e-01,-4.021594644387878614e-01,0.000000000000000000e+00
-7.062106186326558843e-01,7.368372098594492270e-01,-8.046095446918635208e-01,0.000000000000000000e+00
-1.121346495237939722e+00,7.825615792980920027e-01,-8.885439775930473738e-01,0.000000000000000000e+00
-8.422140191597640158e-01,9.933285617820328817e-01,-8.497482207700808310e-01,0.000000000000000000e+00
-7.070369505668027132e-01,6.905015548898656430e-01,-7.487693940210218280e-01,0.000000000000000000e+00
-5.304897408238122836e-01,6.270234780240480088e-01,-1.114938109493412988e+00,0.000000000000000000e+00
-6.045594806755074657e-01,7.755317812181472537e-01,-6.651067459746127231e-01,0.000000000000000000e+00
-9.755245015269027320e-01,1.097427866295306753e+00,-9.274460778606935518e-01,0.000000000000000000e+00
-8.505319734099907603e-01,1.111852674093132709e+00,-1.033364732132218800e+00,0.000000000000000000e+00
-1.105419500298483904e+00,7.015598837288483658e-01,-8.772018118661568664e-01,0.000000000000000000e+00
-1.245218821774846774e+00,9.110051090027129206e-01,-1.081467178614952784e+00,0.000000000000000000e+00
-7.172286267320888697e-01,2.967728487880617605e-01,-1.136452897920378291e+00,0.000000000000000000e+00
-1.298658831537960578e+00,6.023700262385944804e-01,-9.344124637453398163e-01,0.000000000000000000e+00
-1.011632149022256844e+00,7.088097136989763847e-01,-1.019964544882126400e+00,0.000000000000000000e+00
-9.493760922002671965e-01,5.495269143927450362e-01,-8.503129426453941431e-01,0.000000000000000000e+00
-8.716304944397743615e-01,8.198715010934379821e-01,-8.833026014613671872e-01,0.000000000000000000e+00
-9.588308312848445869e-01,1.141390587433258386e+00,-1.014323806571377107e+00,0.000000000000000000e+00
-1.093320400957930261e+00,5.750659924133263434e-01,-1.205020996169213765e+00,0.000000000000000000e+00
-1.294423837339937933e+00,5.392925598979425583e-01,-1.013734780509401689e+00,0.000000000000000000e+00
-9.921304130412020861e-01,7.184472632074856424e-01,-1.153102100889248582e+00,0.000000000000000000e+00
-8.922445872391477906e-01,8.471559302600273345e-01,-1.031686895869084575e+00,0.000000000000000000e+00
-1.215986785268258874e+00,7.999026578768799745e-01,-9.612907044350296193e-01,0.000000000000000000e+00
-1.387978979062156393e+00,6.674552698691853525e-01,-9.449729984956992679e-01,0.000000000000000000e+00
-1.291068316717367770e+00,7.097462696182129660e-01,-1.286206902940596697e+00,0.000000000000000000e+00
-8.564918075089043015e-01,9.119873509815145107e-01,-1.042976979397091997e+00,0.000000000000000000e+00
-1.063459666269876092e+00,1.709277038537145854e-01,-1.220344768814652481e+00,0.000000000000000000e+00
-1.207147693059959837e+00,4.288967197388368069e-01,-8.421704370730499489e-01,0.000000000000000000e+00
-7.609919061268437535e-01,3.983096113685885564e-01,-1.147892236660832177e+00,0.000000000000000000e+00
-1.125236857972624405e+00,9.460645568285332985e-01,-1.219602514938666893e+00,0.000000000000000000e+00
-1.134208759868594374e+00,9.782109621608501282e-01,-1.299589196201651475e+00,0.000000000000000000e+00
-1.451731558425923385e+00,5.192423966039029226e-01,-1.066850116176710994e+00,0.000000000000000000e+00
-1.044309648720490591e+00,6.422124322516865602e-01,-1.310609390616868986e+00,0.000000000000000000e+00
-1.114868677900693550e+00,4.681953243483967797e-01,-6.930060707300468303e-01,0.000000000000000000e+00
-1.354396017816086317e+00,4.461101154467115304e-01,-8.313466143426123667e-01,0.000000000000000000e+00
-1.087026133405499362e+00,6.526922000650060562e-01,-1.267773987128487878e+00,0.000000000000000000e+00
-1.142540926875661222e+00,3.457605997779555906e-01,-8.740907089042002642e-01,0.000000000000000000e+00
-1.545232882081257308e+00,6.313489068961697370e-01,-1.072372970001065351e+00,0.000000000000000000e+00
-1.527151261277274408e+00,6.742248271046185071e-01,-8.520537934361299692e-01,0.000000000000000000e+00
-1.403356576427227109e+00,8.109886315111399790e-01,-9.772717081810300410e-01,0.000000000000000000e+00
-1.283873539532975006e+00,5.637450503110853495e-01,-1.001269083093329071e+00,0.000000000000000000e+00
-1.205597103824913363e+00,3.924005383618846543e-01,-9.473018658283647309e-01,0.000000000000000000e+00
-1.036619041898955373e+00,2.800233158629087393e-01,-1.334620044640904668e+00,0.000000000000000000e+00
-9.960758192398295741e-01,9.869782431539699807e-01,-9.196672676545168956e-01,0.000000000000000000e+00
-1.714537470535030028e+00,4.039123397728411335e-01,-8.818756294297093179e-01,0.000000000000000000e+00
-1.373850858465367919e+00,2.321541255280558658e-01,-6.942134916489517416e-01,0.000000000000000000e+00
-1.239449047990183628e+00,1.447010974924092253e-01,-6.552673089000428108e-01,0.000000000000000000e+00
-9.420848192157651457e-01,4.666544476863965230e-01,-8.470484015804834454e-01,0.000000000000000000e+00
-1.389079299441891679e+00,5.439253612398289306e-01,-1.109700027204430395e+00,0.000000000000000000e+00
-1.335641627945372889e+00,3.313261170762425434e-01,-3.774988211437100838e-01,0.000000000000000000e+00
-1.410978455137151366e+00,7.314764169414147421e-01,-9.508363263765473583e-01,0.000000000000000000e+00
-1.266098033935564082e+00,4.501958502923251171e-01,-8.864590101231848429e-01,0.000000000000000000e+00
-1.355257248194611464e+00,6.171752192284833960e-01,-7.595173445812414270e-01,0.000000000000000000e+00
-1.736095110286702825e+00,3.594551385605755933e-01,-8.569124806926775584e-01,0.000000000000000000e+00
-1.472915278578438292e+00,3.348888551510139644e-01,-9.987982025764989835e-01,0.000000000000000000e+00
-1.734100600855591034e+00,4.358027993592004101e-01,-7.430343326954518268e-01,0.000000000000000000e+00
-1.930215941247931388e+00,4.844874541999957263e-01,-5.644345742467179461e-01,0.000000000000000000e+00
-1.566115476790635341e+00,5.222989280442569271e-02,-4.317723937046514804e-01,0.000000000000000000e+00
-1.359318162863737856e+00,7.801436434919321039e-01,-4.945418836843110122e-01,0.000000000000000000e+00
-1.357268843672558400e+00,2.582167148946882262e-01,-3.945031510797955554e-01,0.000000000000000000e+00
-1.315186134169683774e+00,5.298801844659082327e-01,-6.410478604775441402e-01,0.000000000000000000e+00
-1.532450034302409891e+00,1.716031114649485267e-01,-3.572074807389331585e-01,0.000000000000000000e+00
-1.150629860805010063e+00,1.635018111793417050e-01,-5.785802954765668638e-01,0.000000000000000000e+00
-1.392195574485648901e+00,1.939233021673477664e-01,-2.811595089325689134e-01,0.000000000000000000e+00
-1.909842062866929480e+00,6.550174669423958207e-02,-6.056991471886461476e-01,0.000000000000000000e+00
-1.927801998209835777e+00,2.584562211669047538e-02,-6.096078717318036411e-01,0.000000000000000000e+00
-1.507963850236021530e+00,4.288623905012500792e-01,-4.526790310882500279e-01,0.000000000000000000e+00
-1.677685083493637652e+00,1.825415021261022064e-01,-1.706664413104386768e-01,0.000000000000000000e+00
-1.670260220068387591e+00,-5.501152551558585735e-04,-2.453843416293279289e-01,0.000000000000000000e+00
-1.522687932476769257e+00,2.986654646067126162e-01,-3.361900065610208821e-01,0.000000000000000000e+00
-1.341125842135598711e+00,-5.027025225371020700e-02,-3.120326272116842881e-01,0.000000000000000000e+00
-1.526439559006647517e+00,-9.888082139201714860e-02,-5.982699910182935898e-01,0.000000000000000000e+00
-1.349759404675859864e+00,6.163600221530730894e-02,-4.658080636200732094e-01,0.000000000000000000e+00
-1.508516912497410267e+00,3.449384649126120417e-01,-6.931114444282582276e-01,0.000000000000000000e+00
-1.790744658205219997e+00,-7.775330008698369544e-02,7.981030184451562426e-02,0.000000000000000000e+00
-1.436798861862450538e+00,2.477597948104834358e-01,-4.157845407138263671e-01,0.000000000000000000e+00
-1.718886013701289128e+00,1.713164982623643362e-01,-1.513053119223672360e-01,0.000000000000000000e+00
-1.386656633460356502e+00,3.166400327198377884e-02,-8.243591196492960904e-02,0.000000000000000000e+00
-1.465968891207909852e+00,2.121851547766401003e-01,4.832007443250681267e-02,0.000000000000000000e+00
-1.822517981991872649e+00,-4.053975372831419843e-01,1.123222841675156070e-01,0.000000000000000000e+00
-1.261711852597965589e+00,-1.726509181840807372e-01,-4.348832674120128861e-01,0.000000000000000000e+00
-1.479925495309634353e+00,2.050538529226443585e-01,3.217532262820917421e-01,0.000000000000000000e+00
-1.396710758073190339e+00,-6.804760404690286812e-02,-1.912173453154297487e-01,0.000000000000000000e+00
-1.497680014159349593e+00,-6.614867604728671968e-02,-1.904223601473074290e-01,0.000000000000000000e+00
-1.089981329338417293e+00,3.381474727618880016e-01,2.649754149158564109e-01,0.000000000000000000e+00
-1.683426950812178413e+00,1.395301791408696812e-01,1.908414680024660970e-01,0.000000000000000000e+00
-1.410034458272708013e+00,2.058768796237270271e-01,2.151010239350399367e-01,0.000000000000000000e+00
-1.349589860928064766e+00,7.074957971478769425e-02,1.812398635568071570e-01,0.000000000000000000e+00
-1.853126623176018395e+00,-5.247398597556252042e-02,2.682626548602946859e-02,0.000000000000000000e+00
-1.750947030175187935e+00,2.546095689423432673e-01,5.087592462865959675e-01,0.000000000000000000e+00
-1.221472138387187600e+00,-4.325366334706241822e-02,4.578773810791102461e-01,0.000000000000000000e+00
-1.489006284104189559e+00,-6.626453291251369060e-02,-6.268802592846900446e-03,0.000000000000000000e+00
-1.409882864212975928e+00,-1.072575077578673541e-01,-2.356654801302054958e-02,0.000000000000000000e+00
-1.497148634094111808e+00,-1.477723914302639663e-01,6.208642406195339358e-01,0.000000000000000000e+00
-1.305458890431334673e+00,-1.420082756105151278e-01,3.353318634047711688e-01,0.000000000000000000e+00
-1.472616096132672636e+00,-1.973281675135273028e-01,9.313025757637291568e-02,0.000000000000000000e+00
-1.508591084851995223e+00,-3.183881777953196934e-01,8.339754041733093981e-02,0.000000000000000000e+00
-1.372824093935899992e+00,-1.033119295424862055e-01,-2.473687894442577750e-04,0.000000000000000000e+00
-1.496059266938432275e+00,5.207866811176964372e-03,5.923459133779722663e-01,0.000000000000000000e+00
-1.262575550755208109e+00,-1.984865707889047204e-01,2.346578352562780911e-01,0.000000000000000000e+00
-1.680470561204219226e+00,-1.496523300403791445e-01,5.024326554356498553e-01,0.000000000000000000e+00
-1.202020382422107403e+00,-1.084682600920111595e-02,4.227701490901212833e-01,0.000000000000000000e+00
-1.703852195031782646e+00,-3.068969215721074062e-01,5.150164785226514219e-01,0.000000000000000000e+00
-1.490721397942237569e+00,-3.708487314247323474e-01,5.442025129119271165e-01,0.000000000000000000e+00
-1.546160087995739563e+00,-3.930369623924186984e-01,5.776583918354177838e-01,0.000000000000000000e+00
-1.520601690445155363e+00,-2.307143049571985516e-01,5.914240813205112746e-01,0.000000000000000000e+00
-1.662695272143276615e+00,-3.878505256894830278e-01,8.454137125032451516e-01,0.000000000000000000e+00
-1.661604189922681662e+00,-7.269540767492230771e-01,2.062105727807950206e-01,0.000000000000000000e+00
-1.417518522668005154e+00,-3.094124794095335917e-01,5.754118018824936343e-01,0.000000000000000000e+00
-1.174429107098117875e+00,-8.620855334989561136e-01,6.980953001877302500e-01,0.000000000000000000e+00
-1.098681292630740991e+00,-5.649455852324375416e-01,5.625292911035356669e-01,0.000000000000000000e+00
-1.555025474291386267e+00,-5.300756183035433278e-01,5.924153583687863378e-01,0.000000000000000000e+00
-1.112205523715849242e+00,4.509631241439548965e-03,6.092400167261451394e-01,0.000000000000000000e+00
-1.009724428309105804e+00,-3.675561564652376489e-01,1.045497209064136568e+00,0.000000000000000000e+00
-1.402209597226821147e+00,-3.601042323248498378e-01,7.857444550787942017e-01,0.000000000000000000e+00
-7.403731725026531096e-01,-2.276417797485523475e-01,5.886352808298521699e-01,0.000000000000000000e+00
-1.174720194485661784e+00,-4.817854143856726279e-01,6.491137871546770466e-01,0.000000000000000000e+00
-1.178958384581965335e+00,-4.146568902918855715e-01,8.192808890053470128e-01,0.000000000000000000e+00
-1.349824771231885157e+00,-3.649457558778970157e-01,8.645765486540112343e-01,0.000000000000000000e+00
-1.731743909588484120e+00,-3.102676877343635842e-01,5.987027712729600104e-01,0.000000000000000000e+00
-1.624325917372799521e+00,-4.665139826841614434e-01,8.269219208071373339e-01,0.000000000000000000e+00
-1.465871095325449680e+00,-2.998027634784343753e-01,5.561960061873933991e-01,0.000000000000000000e+00
-1.399651967996720758e+00,-5.940874796191689677e-01,8.292959604967818921e-01,0.000000000000000000e+00
-1.253374712930175994e+00,-6.897191162901041839e-01,9.969205139462520293e-01,0.000000000000000000e+00
-1.287223888837960128e+00,-8.774802584572110042e-01,4.732559133057159251e-01,0.000000000000000000e+00
-1.292758932913024905e+00,-5.541558243326354383e-01,8.566518735526790218e-01,0.000000000000000000e+00
-1.286157707454691490e+00,-4.756408938048907742e-01,1.078671145836741285e+00,0.000000000000000000e+00
-1.492845311408682374e+00,-7.658551183882971181e-01,6.817179261940030655e-01,0.000000000000000000e+00
-1.202702661567704334e+00,-2.930950016582672957e-01,8.247853014916881609e-01,0.000000000000000000e+00
-1.750487783693242871e+00,-8.934207826349099824e-01,7.545385866626500571e-01,0.000000000000000000e+00
-1.351157207371929792e+00,-6.447500527287104433e-01,9.383707482477093853e-01,0.000000000000000000e+00
-1.291227776693192331e+00,-3.635652499584767217e-01,8.043694753672444575e-01,0.000000000000000000e+00
-1.390414350375964947e+00,-4.879279941154340272e-01,6.407671001330703664e-01,0.000000000000000000e+00
-1.128891565207219339e+00,-5.733698515422653852e-01,9.261284807048097978e-01,0.000000000000000000e+00
-8.778624956269052149e-01,-7.284052069550136510e-01,1.374792067710444154e+00,0.000000000000000000e+00
-1.229102274175603249e+00,-8.693544809922735261e-01,9.832212827647628384e-01,0.000000000000000000e+00
-1.387575571698364874e+00,-7.741924966913085182e-01,1.054534312433784260e+00,0.000000000000000000e+00
-1.049334794546417760e+00,-7.580660953053003359e-01,1.177880584853073564e+00,0.000000000000000000e+00
-9.168903574253076671e-01,-3.560629727115499077e-01,1.090932415024325808e+00,0.000000000000000000e+00
-8.634647914205515473e-01,-1.029071782608500518e+00,9.254939270358931713e-01,0.000000000000000000e+00
-1.297130078776024265e+00,-6.385521817441496273e-01,8.781836686971514760e-01,0.000000000000000000e+00
-1.144360927809764172e+00,-2.953426150099139891e-01,9.612984466049631083e-01,0.000000000000000000e+00
-1.015595063741105086e+00,-7.275051870509128271e-01,1.012522818501942146e+00,0.000000000000000000e+00
-1.084200220248102475e+00,-6.005522605162877392e-01,1.231946929041685790e+00,0.000000000000000000e+00
-7.428027005224748791e-01,-6.373493794180042915e-01,1.117666611591801473e+00,0.000000000000000000e+00
-1.289162340577859389e+00,-7.257941999801770239e-01,1.188052938380023793e+00,0.000000000000000000e+00
-8.723357521362927747e-01,-6.747300759851158070e-01,1.176877496092577857e+00,0.000000000000000000e+00
-9.337504154922516841e-01,-4.857102568329373371e-01,1.056440293445068734e+00,0.000000000000000000e+00
-1.089254094560784258e+00,-6.672076755004396897e-01,4.107860971903201097e-01,0.000000000000000000e+00
-9.275865412398621723e-01,-1.472546478605174070e+00,6.499166085305363438e-01,0.000000000000000000e+00
-8.997000201360597638e-01,-6.557282553280070481e-01,7.591971147972182976e-01,0.000000000000000000e+00
-1.118207232308094490e+00,-4.853770297657525323e-01,8.913215442915791709e-01,0.000000000000000000e+00
-5.127811388105441015e-01,-7.679998901466537076e-01,1.065552879343381942e+00,0.000000000000000000e+00
-6.234162791790804903e-01,-7.494194865294721009e-01,7.786709467613844859e-01,0.000000000000000000e+00
-9.540124976776027665e-01,-7.906330757105064500e-01,7.007645846510914822e-01,0.000000000000000000e+00
-9.683614953816578330e-01,-9.397111441340061377e-01,1.152540153432271675e+00,0.000000000000000000e+00
-8.952553632374787851e-01,-8.554682195886658125e-01,9.397742505188693141e-01,0.000000000000000000e+00
-8.423929554672334730e-01,-6.830559111032081798e-01,7.538007954879081263e-01,0.000000000000000000e+00
-1.080033874463808719e+00,-5.928647354766531929e-01,8.634036499469781578e-01,0.000000000000000000e+00
-1.139645548867986857e+00,-7.322908400777090598e-01,1.030072939557039380e+00,0.000000000000000000e+00
-1.146845205639744236e+00,-7.822796682432959781e-01,1.075449094188806631e+00,0.000000000000000000e+00
-7.501165984543022303e-01,-7.087710406917375749e-01,6.378234463991416803e-01,0.000000000000000000e+00
-7.429467936398136407e-01,-9.025502037317076898e-01,8.118814404512669780e-01,0.000000000000000000e+00
-6.190763510414412085e-01,-5.528967649345007951e-01,1.256499597511997246e+00,0.000000000000000000e+00
-5.141327908992350260e-01,-8.772893531834033976e-01,9.567864994935372236e-01,0.000000000000000000e+00
-6.075134785911562307e-01,-8.375621663946459794e-01,9.004501693341924184e-01,0.000000000000000000e+00
-5.797904808102550822e-01,-8.799728910192777809e-01,7.159403689798068404e-01,0.000000000000000000e+00
-8.109807312232439891e-01,-7.475152562051343708e-01,8.493503253093381833e-01,0.000000000000000000e+00
-6.434736990444774873e-01,-7.463238376647898242e-01,7.601990448644955212e-01,0.000000000000000000e+00
-5.435828307057226638e-01,-8.104739461965895231e-01,5.740907645720350061e-01,0.000000000000000000e+00
-3.895781119044727236e-01,-9.921536869952385373e-01,4.753996824041276659e-01,0.000000000000000000e+00
-8.701469189762481848e-01,-1.101834618727589143e+00,8.017073890660263435e-01,0.000000000000000000e+00
-6.989025648470247321e-01,-9.704705143024623393e-01,8.995653028646519722e-01,0.000000000000000000e+00
-5.590495541125874990e-01,-8.452298980673378370e-01,8.414509189543188938e-01,0.000000000000000000e+00
-4.865904436628991636e-01,-1.335221463318981172e+00,6.699762631093260090e-01,0.000000000000000000e+00
-1.028555457497879244e+00,-9.114652806577321353e-01,7.248449140399328972e-01,0.000000000000000000e+00
-3.660091168573662013e-01,-6.860512067199553421e-01,7.487738611475275308e-01,0.000000000000000000e+00
-6.576987327366866642e-01,-8.313002531939839290e-01,5.846335462460579002e-01,0.000000000000000000e+00
-5.403275840191036350e-01,-7.357124201565413690e-01,5.602233218528395176e-01,0.000000000000000000e+00
-3.612502402074314611e-01,-8.019187046120406226e-01,4.619537335875260053e-01,0.000000000000000000e+00
-3.098612349865382254e-01,-8.019963840347736905e-01,6.540177327289808940e-01,0.000000000000000000e+00
-6.392788365854322752e-01,-1.117712228103038274e+00,5.064186766176237420e-01,0.000000000000000000e+00
-3.603921546593120695e-01,-1.141007465902176499e+00,6.813829380114938550e-01,0.000000000000000000e+00
-6.992847118680538543e-01,-9.945569581095538014e-01,5.953627229819606903e-01,0.000000000000000000e+00
5.614135747210369232e-02,-1.232915969779224019e+00,8.470251234108620020e-01,0.000000000000000000e+00
-3.847986224328442395e-01,-8.787762530401919125e-01,5.551303824857801716e-01,0.000000000000000000e+00
-3.076384159771003990e-01,-9.951530919273471332e-01,8.007723970668569891e-01,0.000000000000000000e+00
-4.696318064198969355e-01,-7.412216875589350273e-01,3.592671023227922422e-01,0.000000000000000000e+00
-3.720817612334529900e-01,-1.185160224248009930e+00,5.570138790815344354e-01,0.000000000000000000e+00
-5.264293372215694822e-02,-9.891841510555750006e-01,4.042050817154888565e-01,0.000000000000000000e+00
-5.461740810578794569e-01,-1.022362269662236089e+00,1.023151559018122270e-01,0.000000000000000000e+00
-4.873575993023465669e-01,-9.337825336777175744e-01,6.617015342657907029e-01,0.000000000000000000e+00
2.755771784752679698e-01,-1.098937526023304967e+00,6.617314831912510797e-01,0.000000000000000000e+00
-2.189521035815976957e-01,-1.014195173316403631e+00,4.377252994332696545e-01,0.000000000000000000e+00
-2.367144658736646257e-01,-9.640356340122873124e-01,2.458520143130354940e-01,0.000000000000000000e+00
-5.100753642799076282e-01,-1.296852611110530518e+00,4.342721636113626715e-01,0.000000000000000000e+00
-2.671125827782905859e-01,-1.109201479194225293e+00,2.812363080975010532e-01,0.000000000000000000e+00
-3.407167111014236527e-02,-9.556100822199247169e-01,1.240589224810086377e-01,0.000000000000000000e+00
7.094552092947520316e-02,-6.773877153010480212e-01,3.297540871421890118e-01,0.000000000000000000e+00
3.919232004989547935e-02,-7.462172906488575563e-01,4.322890754501007571e-01,0.000000000000000000e+00
-1.392319864482738367e-02,-8.761666642513349368e-01,2.854969761984346155e-01,0.000000000000000000e+00
-3.373915408830280849e-01,-8.567603409889580357e-01,-1.144174236708912495e-01,0.000000000000000000e+00
-2.580061726279952450e-01,-7.371028030650101925e-01,2.998705111977431059e-01,0.000000000000000000e+00
2.172468103522581795e-01,-1.052903338791104870e+00,-1.236257799632834581e-01,0.000000000000000000e+00
-1.094541324536339177e-01,-9.787565298655491741e-01,9.755149818582531385e-02,0.000000000000000000e+00
1.842452866474737494e-01,-1.071852789179676524e+00,1.270385713202405731e-01,0.000000000000000000e+00
-2.213336183442201066e-01,-9.098126819286747047e-01,3.209539575571392772e-02,0.000000000000000000e+00
-1.546844925043192320e-01,-1.047160917838276584e+00,-3.053941403280707387e-02,0.000000000000000000e+00
-3.986573848261441844e-02,-6.456871604707936640e-01,-3.857540811411347415e-02,0.000000000000000000e+00
-1.572906825577737033e-02,-1.419247425906709381e+00,-2.228976441809241149e-01,0.000000000000000000e+00
-6.849046576361608740e-04,-1.136571088439294996e+00,2.071433172178865634e-01,0.000000000000000000e+00
3.781361839455893437e-02,-7.411965720686000125e-01,-8.195541990816350431e-02,0.000000000000000000e+00
9.710690881700737020e-02,-1.015971211783588180e+00,-1.185754431184591479e-01,0.000000000000000000e+00
4.522662948324693843e-01,-1.461302306260819250e+00,-5.446065123165434452e-01,0.000000000000000000e+00
1.870187739797275761e-02,-9.934846934249075279e-01,-3.114764151201432352e-02,0.000000000000000000e+00
2.407620440917522531e-01,-1.072091588465152956e+00,9.876328279546264799e-03,0.000000000000000000e+00
3.709690754784950584e-01,-9.571251848743501656e-01,-2.604179649308169253e-02,0.000000000000000000e+00
2.382182890485309290e-01,-1.104770117893075776e+00,-1.035122343699266256e-01,0.000000000000000000e+00
2.245419793580687440e-01,-9.905849527510020014e-01,2.716696879057206582e-02,0.000000000000000000e+00
-2.690570449884579496e-01,-1.272612070793499806e+00,-5.290163861912740018e-01,0.000000000000000000e+00
1.671282199990708761e-01,-1.038062372312118731e+00,-6.170610645706831043e-01,0.000000000000000000e+00
6.137369583716395516e-02,-1.157218069303895813e+00,1.520953861610847002e-01,0.000000000000000000e+00
6.373376757329153319e-01,-1.065152437537944419e+00,-4.356843619174237126e-01,0.000000000000000000e+00
6.568855532749445780e-02,-1.362025638488846946e+00,-4.096918348157836953e-01,0.000000000000000000e+00
1.144521719579342234e-01,-9.948112264435772234e-01,-7.294600767774988004e-01,0.000000000000000000e+00
1.800711040371958949e-01,-9.454022333701201930e-01,-3.590204616421962536e-01,0.000000000000000000e+00
4.343511036755261512e-01,-1.236357379840821169e+00,-2.838945878853127436e-01,0.000000000000000000e+00
2.091494622114934698e-01,-8.426657836443367522e-01,-4.792403879562068814e-01,0.000000000000000000e+00
1.121908577587095723e-01,-1.029301023173776475e+00,-4.260182593820752150e-01,0.000000000000000000e+00
5.282765584903867939e-01,-9.909300130945124518e-01,-2.143970835867149982e-01,0.000000000000000000e+00
6.253364422733418415e-01,-1.010581571694469938e+00,-3.920601149601669055e-01,0.000000000000000000e+00
8.286765939317717322e-01,-5.635200585318380639e-01,-8.086723034422643730e-01,0.000000000000000000e+00
2.746248195502304368e-01,-6.548479431971262477e-01,-7.953593119870528971e-01,0.000000000000000000e+00
2.133638401204531188e-01,-1.045134340258103922e+00,-5.199183760011523159e-01,0.000000000000000000e+00
4.752575861645695898e-01,-1.073921767555946705e+00,-7.586838194735103791e-01,0.000000000000000000e+00
3.710557786364473420e-01,-1.115474862235307230e+00,-1.869967485689948417e-01,0.000000000000000000e+00
5.907302531869534912e-01,-7.578360539375494920e-01,-7.602128475934122331e-01,0.000000000000000000e+00
5.116573273247936315e-01,-1.073365319925597250e+00,-1.211392988049906361e+00,0.000000000000000000e+00
2.907804139217980977e-01,-1.288097367737851329e+00,-1.149230151390158383e+00,0.000000000000000000e+00
3.447542838103949681e-01,-6.561547953455267868e-01,-7.259392560849964315e-01,0.000000000000000000e+00
8.592900777311375249e-01,-8.339756721200016765e-01,-5.778641617440127831e-01,0.000000000000000000e+00
4.382538590654626587e-01,-8.062629983010567436e-01,-6.054912759664964339e-01,0.000000000000000000e+00
5.202616829575795743e-01,-7.938816736091238724e-01,-6.543783677964177814e-01,0.000000000000000000e+00
5.427377305758640524e-01,-1.124936384225679209e+00,-1.020336594852141898e+00,0.000000000000000000e+00
6.869030023810921426e-01,-8.294309227605375368e-01,-9.574142358507340411e-01,0.000000000000000000e+00
6.917664393373578191e-01,-7.750338166393844208e-01,-6.901624356240988467e-01,0.000000000000000000e+00
1.013564038966942915e+00,-6.279124157648974247e-01,-1.028434297887325322e+00,0.000000000000000000e+00
1.056532413684853289e+00,-9.835311971787493723e-01,-6.330516893467327266e-01,0.000000000000000000e+00
7.499255306320171677e-01,-9.536539886880468497e-01,-1.216881888812353152e+00,0.000000000000000000e+00
7.184115957717543965e-01,-1.176850848446244768e+00,-6.746565146455363315e-01,0.000000000000000000e+00
1.072359980832459536e+00,-1.017969350185403243e+00,-8.199455376013734531e-01,0.000000000000000000e+00
6.400781751575489453e-01,-9.777609244823645129e-01,-7.371057974707808658e-01,0.000000000000000000e+00
7.934793746085806454e-01,-4.974761056031971052e-01,-9.995506165149273814e-01,0.000000000000000000e+00
1.016957816588637264e+00,-8.191307319730941616e-01,-7.544751930146458285e-01,0.000000000000000000e+00
7.434329960164361983e-01,-8.415999245770746651e-01,-9.466778611239666796e-01,0.000000000000000000e+00
6.812950352868616388e-01,-6.922147325452249200e-01,-8.028898824330216177e-01,0.000000000000000000e+00
9.827248014436815726e-01,-5.100500498372035896e-01,-6.518406928618140084e-01,0.000000000000000000e+00
8.043953435088224690e-01,-7.355152564574115592e-01,-1.074602570273539115e+00,0.000000000000000000e+00
8.992863416220893136e-01,-9.226297080036167664e-01,-6.334387768479399217e-01,0.000000000000000000e+00
9.824440684923531064e-01,-8.387124808599047965e-01,-7.256923566836681605e-01,0.000000000000000000e+00
4.905262872804699859e-01,-1.190227950982941429e+00,-8.115999827460110838e-01,0.000000000000000000e+00
9.515413910240246853e-01,-7.294941091146301959e-01,-1.241782959615484350e+00,0.000000000000000000e+00
9.494503465331809444e-01,-3.709338250965125705e-01,-8.167805850499521014e-01,0.000000000000000000e+00
1.002536517587202969e+00,-8.513764881239742621e-01,-1.065029349508609613e+00,0.000000000000000000e+00
5.571001845204062164e-01,-7.038465612205383470e-01,-8.208870775666210484e-01,0.000000000000000000e+00
6.820046104152850397e-01,-8.793472021962823737e-01,-1.224717742344058946e+00,0.000000000000000000e+00
8.180888605124518875e-01,-7.279382333693584783e-01,-1.412716504664006223e+00,0.000000000000000000e+00
1.147883496419162652e+00,-5.793171728334094439e-01,-1.048036334234010214e+00,0.000000000000000000e+00
5.425955026031419326e-01,-9.207097881802690509e-01,-7.525824024931246914e-01,0.000000000000000000e+00
4.966814575811101529e-01,-7.821542429889322134e-01,-1.235876293230889100e+00,0.000000000000000000e+00
1.226570649251040201e+00,-8.387828614318705300e-01,-9.191646047772081829e-01,0.000000000000000000e+00
1.191955993312314721e+00,-3.275138357779172615e-01,-1.039988941939040457e+00,0.000000000000000000e+00
1.167109055328261036e+00,-9.826588816133288162e-01,-7.601292095823393158e-01,0.000000000000000000e+00
9.526615682580951150e-01,-7.885786945517241353e-01,-1.000839828782263519e+00,0.000000000000000000e+00
8.048744704255941240e-01,-6.213466875511960419e-01,-8.004434965436613147e-01,0.000000000000000000e+00
1.188548939345914990e+00,-9.754472722091405146e-01,-1.015614780967831310e+00,0.000000000000000000e+00
1.290699640394953329e+00,-1.023728308582337654e+00,-1.202093941122455600e+00,0.000000000000000000e+00
1.329753160639032483e+00,-5.844715066220583788e-01,-9.004082375756637946e-01,0.000000000000000000e+00
1.538310949826846574e+00,-5.350388462582525984e-01,-8.462635180245394739e-01,0.000000000000000000e+00
1.720343713284552489e+00,-6.616694369196640668e-01,-1.131836135733112814e+00,0.000000000000000000e+00
1.275349710011313142e+00,-5.211713178330282803e-01,-1.071404560646781023e+00,0.000000000000000000e+00
9.947182134930204755e-01,-1.369650885495032888e-01,-8.938820543369148108e-01,0.000000000000000000e+00
1.065957284132824867e+00,-4.056174037034828150e-01,-9.736607308561631147e-01,0.000000000000000000e+00
1.172862591766087315e+00,-4.661250290463998525e-01,-1.202185497121166513e+00,0.000000000000000000e+00
1.304794872152607699e+00,-1.856730501741871708e-01,-8.419523323790352176e-01,0.000000000000000000e+00
1.169661873544088904e+00,-6.592793806056022055e-01,-1.008041626410794533e+00,0.000000000000000000e+00
1.204549248109194837e+00,-6.229254981502337918e-01,-7.329098992852638439e-01,0.000000000000000000e+00
9.189384241681632925e-01,-3.643832666676604104e-01,-9.817270527608694675e-01,0.000000000000000000e+00
1.351007611455333546e+00,-7.515148395671749082e-01,-6.291066831485138122e-01,0.000000000000000000e+00
1.534580612826207613e+00,-3.234497198247162641e-01,-1.186259537363214100e+00,0.000000000000000000e+00
1.460909599068722642e+00,-4.235656658363182725e-01,-1.192278362423166982e+00,0.000000000000000000e+00
1.299652342683842665e+00,-4.207186521112961097e-01,-7.473720975614355222e-01,0.000000000000000000e+00
1.349183703413787461e+00,-4.243898711757939646e-01,-5.506834355387804081e-01,0.000000000000000000e+00
1.567949536871316552e+00,-1.044981230317095555e+00,-8.951758680342946084e-01,0.000000000000000000e+00
1.298614159823031855e+00,-8.108492739561083962e-01,-7.986065689742707363e-01,0.000000000000000000e+00
1.589886420381568799e+00,-6.665294523144749128e-01,-7.353996304418694008e-01,0.000000000000000000e+00
1.165348199150795461e+00,-5.723133851276126505e-01,-4.919287051758758911e-01,0.000000000000000000e+00
1.248165559145649306e+00,-3.341341507604935201e-01,-1.145879330388979156e+00,0.000000000000000000e+00
1.737089769453557642e+00,-2.946241958218992485e-01,-7.918746139348229462e-01,0.000000000000000000e+00
1.487468338333274742e+00,-6.856307866396715855e-01,-5.021284103832078793e-01,0.000000000000000000e+00
1.315077279550392886e+00,-4.329290202052842318e-01,-8.197571859728887134e-01,0.000000000000000000e+00
1.271040380076515763e+00,-2.415670432730268324e-01,-6.525787009823338369e-01,0.000000000000000000e+00
1.524596785728957737e+00,-3.705858252920285478e-01,-5.830078235724061031e-01,0.000000000000000000e+00
1.317332854388711505e+00,8.885223479773707300e-02,-9.806867766230835670e-01,0.000000000000000000e+00
1.659923375616801700e+00,-7.172327389328864156e-02,-8.185623165822751846e-01,0.000000000000000000e+00
1.860000751072361513e+00,-1.343625916128978748e-01,-4.345216005949117388e-01,0.000000000000000000e+00
1.425936378456778453e+00,-3.650088954482317849e-01,-6.508512891187291372e-01,0.000000000000000000e+00
1.504398785693177976e+00,-2.937844204725154063e-02,-5.525406205871188359e-01,0.000000000000000000e+00
1.249738535422740382e+00,-1.327332297655154369e-01,-3.840338624415801094e-01,0.000000000000000000e+00
1.568466718412039773e+00,-1.364746201395593272e-01,-6.015498176301411482e-01,0.000000000000000000e+00
1.257016617824354032e+00,-4.471235703440484266e-01,-8.532099072185732602e-01,0.000000000000000000e+00
1.495255060882371367e+00,-2.780417639359260562e-01,-5.925342242694027206e-01,0.000000000000000000e+00
8.615629090280148006e-01,-4.986411882160862730e-01,-2.584680242646367754e-01,0.000000000000000000e+00
1.324352492810147552e+00,-1.648455398225054103e-01,-7.385666454057664421e-01,0.000000000000000000e+00
1.749378763938568948e+00,-2.535180189729179800e-01,-3.799229010949712326e-01,0.000000000000000000e+00
1.930921864952464206e+00,9.086254861833056862e-02,-4.764678093406108372e-01,0.000000000000000000e+00
1.351017718664707212e+00,-2.652137793169517810e-01,-2.901354675002911776e-01,0.000000000000000000e+00
1.452279770136607251e+00,-2.668011858892745947e-01,-7.539063725310607422e-02,0.000000000000000000e+00
1.453911871538907663e+00,2.845476490652492640e-01,-3.271562512870483941e-01,0.000000000000000000e+00
1.837012649515455509e+00,-9.149629356733117447e-02,-1.289715491546079562e-01,0.000000000000000000e+00
1.337987242440502156e+00,-3.212761946514961497e-01,-2.056774512395141419e-01,0.000000000000000000e+00
1.683345475238132494e+00,-1.300133568557624297e-01,-5.307635512326321914e-01,0.000000000000000000e+00
1.216072987320935272e+00,-4.110103553358609441e-01,-6.027021168651298666e-01,0.000000000000000000e+00
1.512275631383629415e+00,1.119272023852177361e-01,-2.273956443469446753e-01,0.000000000000000000e+00
1.040313214679034370e+00,-1.387142525469177712e-01,-2.326645763395661926e-01,0.000000000000000000e+00
1.913376910699357891e+00,-3.794543779466971190e-01,-2.535056900620548670e-01,0.000000000000000000e+00
1.836891796758113760e+00,1.451819424349380661e-02,-3.786173543072911263e-02,0.000000000000000000e+00
1.519945108726638461e+00,3.072521628565805241e-03,2.993883115709333742e-02,0.000000000000000000e+00
1.336200571681452232e+00,1.252667926566106149e-01,-3.751627638571169987e-01,0.000000000000000000e+00
1.564603528047823211e+00,-2.017485547505776244e-03,-1.987360916642376407e-01,0.000000000000000000e+00
1.494987328396174764e+00,-1.496884762532500190e-01,-2.646851884973793756e-01,0.000000000000000000e+00
1.429158142829492384e+00,-2.333889480727895094e-01,3.937904709850997831e-02,0.000000000000000000e+00
1.269982901169527167e+00,1.423954045982100403e-01,-2.362958135857645137e-01,0.000000000000000000e+00
-1.613258983116201195e+00,-1.124920681643035714e+00,2.650293457749677839e-01,1.000000000000000000e+00
-1.433823102028902952e+00,-1.029755539510422091e+00,7.456344249380614242e-02,1.000000000000000000e+00
-1.920962852927241782e+00,-9.834462722080429264e-01,3.491579124359238118e-01,1.000000000000000000e+00
-1.472460632200981001e+00,-9.486516879613619002e-01,3.414820190262378430e-02,1.000000000000000000e+00
-1.318976786797136258e+00,-1.349148415452943173e+00,-4.370274568382133129e-01,1.000000000000000000e+00
-1.454969963104633557e+00,-1.080059126276615711e+00,1.368219775453708709e-01,1.000000000000000000e+00
-1.558756138626246068e+00,-1.311428673116808330e+00,-4.041271335028127631e-01,1.000000000000000000e+00
-2.044112364580385144e+00,-9.587983120937974002e-01,-2.130469949950910824e-01,1.000000000000000000e+00
-1.577288708102984494e+00,-6.836620317140443825e-01,3.959919029029418391e-02,1.000000000000000000e+00
-1.524456244165434349e+00,-1.313857151538984303e+00,-1.012561708635303925e-01,1.000000000000000000e+00
-1.377052614877085857e+00,-8.125386110699990283e-01,-5.288174441562901174e-02,1.000000000000000000e+00
-1.718600446037277463e+00,-4.601842655071173849e-01,-4.653704348442659899e-01,1.000000000000000000e+00
-1.333064867303876078e+00,-1.186945188748657065e+00,-4.836715796965209146e-01,1.000000000000000000e+00
-1.176675241325443100e+00,-8.892197864907142035e-01,-1.535791427779363838e-01,1.000000000000000000e+00
-1.429362772150625904e+00,-8.456214616578201504e-01,-7.253469905094461767e-02,1.000000000000000000e+00
-1.520656361917161803e+00,-1.168395264624114471e+00,-5.294749057852544682e-01,1.000000000000000000e+00
-1.359423409898440571e+00,-7.207934017144538297e-01,-7.055267672426843717e-01,1.000000000000000000e+00
-1.610634410457767451e+00,-9.039187983408993876e-01,-4.882486039060437433e-01,1.000000000000000000e+00
-1.736820385187033189e+00,-9.009617346619136491e-01,-5.836530774435826352e-01,1.000000000000000000e+00
-1.302971040870390063e+00,-6.012118624480784490e-01,-4.895916510284766821e-01,1.000000000000000000e+00
-1.531094633071174993e+00,-7.228374433149251654e-01,-6.459511760363845223e-01,1.000000000000000000e+00
-1.677231755006669989e+00,-9.266922344945367485e-01,-6.314993161577511227e-01,1.000000000000000000e+00
-1.675509211208924487e+00,-6.941032039715326896e-01,-3.801741227702597481e-01,1.000000000000000000e+00
-1.754954472882131133e+00,-7.093998563122380085e-01,-5.913513506518458529e-01,1.000000000000000000e+00
-1.363725522942838220e+00,-7.049691113782069474e-01,-8.589838677068635242e-01,1.000000000000000000e+00
-1.678770526200707547e+00,-6.844995878289749092e-01,-3.830472802103005447e-01,1.000000000000000000e+00
-1.863169415260203854e+00,-6.092910202351879967e-01,-3.710451226532780478e-01,1.000000000000000000e+00
-1.444751204202409767e+00,-5.564988525927511143e-01,-7.693632181390532843e-01,1.000000000000000000e+00
-1.431609150759580285e+00,-9.788779396241478192e-01,-1.116999217072930817e+00,1.000000000000000000e+00
-1.212549442928664734e+00,-8.399048520607163004e-01,-7.582062623376690791e-01,1.000000000000000000e+00
-1.671535608102389103e+00,-9.131670532218617575e-01,-7.204153258067642618e-01,1.000000000000000000e+00
-1.533086099452762197e+00,-5.439046348023519606e-01,-6.132523872072597193e-01,1.000000000000000000e+00
-1.315704305384757689e+00,-5.601647246187144713e-01,-4.058724219934136679e-01,1.000000000000000000e+00
-1.585877790142273813e+00,-6.073200723904749188e-01,-5.120965946298201565e-01,1.000000000000000000e+00
-1.111718295306974413e+00,-8.691980447857158287e-01,-8.178457337359441581e-01,1.000000000000000000e+00
-1.085052903994562667e+00,-4.718075303975690638e-01,-7.325831008808263434e-01,1.000000000000000000e+00
-1.392049833297014372e+00,-6.388292047498720372e-01,-7.297636193918179970e-01,1.000000000000000000e+00
-1.390609690896364325e+00,-5.592998438125322824e-01,-7.869600769568358967e-01,1.000000000000000000e+00
-1.467158671030522443e+00,-4.331445658129988163e-01,-2.345942509376482965e-01,1.000000000000000000e+00
-1.678140082754395745e+00,-4.636272556014572332e-01,-9.837261747905391429e-01,1.000000000000000000e+00
-1.198250914520166743e+00,-5.080523507891583357e-01,-6.930347591809064012e-01,1.000000000000000000e+00
-1.069410504136250495e+00,-4.678902265284158868e-01,-6.321766946432293421e-01,1.000000000000000000e+00
-1.763944963613247596e+00,-1.773728570533355531e-01,-7.962116826181852014e-01,1.000000000000000000e+00
-1.069884949642797123e+00,-7.286073239935737522e-01,-1.049462558525572797e+00,1.000000000000000000e+00
-1.246430395487305054e+00,-4.772903203404911809e-01,-8.382191789164021856e-01,1.000000000000000000e+00
-1.048677212623966959e+00,-8.162607863104829331e-01,-7.110259333888950817e-01,1.000000000000000000e+00
-1.253685401727166360e+00,-4.933921806263308341e-01,-1.210395234377154683e+00,1.000000000000000000e+00
-1.144294560625409352e+00,-9.249632456862544316e-01,-7.962948294940295213e-01,1.000000000000000000e+00
-1.532690598463771758e+00,-4.210444057559679099e-01,-9.590216322840811047e-01,1.000000000000000000e+00
-9.895312515708771794e-01,-4.571514303734801055e-01,-1.082636755703961340e+00,1.000000000000000000e+00
-1.313734899607480910e+00,-1.566199820896648220e-01,-8.445723067077174351e-01,1.000000000000000000e+00
-1.278323613708622686e+00,-4.483553110253840623e-01,-1.272686166531608487e+00,1.000000000000000000e+00
-1.112095590191579220e+00,-7.429936178282864345e-01,-8.157021890904476713e-01,1.000000000000000000e+00
-1.152470289342634180e+00,9.629888521635021625e-02,-1.192286693754274873e+00,1.000000000000000000e+00
-1.186944406510310968e+00,-1.159305785589465065e-02,-7.395631920528923375e-01,1.000000000000000000e+00
-1.293686850138709099e+00,-3.167159208637952972e-01,-9.824026827179969112e-01,1.000000000000000000e+00
-1.085902686320224131e+00,-4.916055318078098590e-01,-1.005004818899059682e+00,1.000000000000000000e+00
-1.449572649701799998e+00,-3.153075502529885110e-01,-9.008487874175328258e-01,1.000000000000000000e+00
-1.162935222022341675e+00,-6.559094847799746830e-01,-7.962303785583708660e-01,1.000000000000000000e+00
-1.031858330273808022e+00,-4.687751578060205815e-01,-1.052510359180033994e+00,1.000000000000000000e+00
-1.392034061960107261e+00,-5.194342397677398360e-01,-1.105774191512515880e+00,1.000000000000000000e+00
-8.331797470224668878e-01,-4.331416744535744323e-01,-8.713578213382145998e-01,1.000000000000000000e+00
-1.173319829506388912e+00,-2.466504168264469776e-01,-1.028234509353090909e+00,1.000000000000000000e+00
-8.776689937082767790e-01,-3.943127070934837053e-01,-1.314381787537925561e+00,1.000000000000000000e+00
-1.315127010872777058e+00,-3.849494358087605095e-01,-1.248974783449274595e+00,1.000000000000000000e+00
-9.429870056118400123e-01,-3.630654461514700171e-01,-5.228945066213415149e-01,1.000000000000000000e+00
-1.358702018501632081e+00,-2.206388055243017898e-01,-1.221426678367445451e+00,1.000000000000000000e+00
-1.095808743925944073e+00,-2.246522815969720921e-01,-1.458299090872231973e+00,1.000000000000000000e+00
-9.355745390028047392e-01,1.359561378596037540e-01,-1.080671358936710513e+00,1.000000000000000000e+00
-9.166336371975396524e-01,-3.144995527193389373e-02,-1.018905479140130410e+00,1.000000000000000000e+00
-1.070289126409551095e+00,-6.835115735675696413e-01,-8.534223651301301450e-01,1.000000000000000000e+00
-9.620813833463311981e-01,-4.229534011108505576e-01,-9.511843968962360174e-01,1.000000000000000000e+00
-1.041385440600789636e+00,-3.182777942132222759e-01,-8.495094825682246720e-01,1.000000000000000000e+00
-1.177380920688529731e+00,4.569712453771829219e-03,-1.243953303678624334e+00,1.000000000000000000e+00
-1.027155560070231788e+00,1.872690569931588223e-01,-7.319818863466661663e-01,1.000000000000000000e+00
-8.598634829795627210e-01,-3.779803229559966504e-01,-1.055736893761875628e+00,1.000000000000000000e+00
-8.493587995454295880e-01,-1.750521729113480307e-01,-9.598838390342675497e-01,1.000000000000000000e+00
-8.546729610728568405e-01,-2.182439824794477068e-01,-1.221335430676697698e+00,1.000000000000000000e+00
-9.361666759145923500e-01,1.461296786412735749e-02,-1.197244944774403352e+00,1.000000000000000000e+00
-8.550016524015956465e-01,-3.253373711895185538e-01,-8.913607090838705505e-01,1.000000000000000000e+00
-8.789136631906276920e-01,1.408844469843329450e-01,-8.017874899362931185e-01,1.000000000000000000e+00
-1.047517112714586585e+00,-1.369041922225380792e-02,-1.046935109496268002e+00,1.000000000000000000e+00
-8.844007236801172400e-01,-7.864904365251065843e-02,-9.786891700512551084e-01,1.000000000000000000e+00
-5.741533345504341579e-01,-2.899278109175567053e-01,-9.919056723323643743e-01,1.000000000000000000e+00
-8.676023841314216556e-01,-2.419036366743545496e-01,-6.355042057478041961e-01,1.000000000000000000e+00
-5.940559130551890110e-01,2.193246870700203410e-01,-3.884974110577680828e-01,1.000000000000000000e+00
-9.093314213289145354e-01,-1.026075923300365234e-01,-1.063416074664704114e+00,1.000000000000000000e+00
-8.419705566217918769e-01,-2.368752781840524901e-01,-1.025231553384814198e+00,1.000000000000000000e+00
-8.799793485764834111e-01,-1.340239791856508433e-01,-1.042252753436433199e+00,1.000000000000000000e+00
-4.842228629743552393e-01,-2.831680097120230499e-01,-2.215971344532101650e-01,1.000000000000000000e+00
-7.258680315971979269e-01,-7.980672388423268315e-02,-1.026684156404592096e+00,1.000000000000000000e+00
-2.772149065008507329e-01,1.349533253001737876e-01,-6.918509486341440917e-01,1.000000000000000000e+00
-8.705378350228161199e-01,-4.169443695489934848e-02,-9.586621360904959976e-01,1.000000000000000000e+00
-2.913550259753440730e-01,8.298487759248729390e-02,-6.979642148465790008e-01,1.000000000000000000e+00
-1.053657401940836902e+00,-2.707095639900340966e-01,-5.617211694798633914e-01,1.000000000000000000e+00
-3.062719244173726652e-01,1.524884859499524570e-01,-9.994539215143574129e-01,1.000000000000000000e+00
-4.709175775872623260e-01,1.382909081150829333e-01,-9.940644670860772081e-01,1.000000000000000000e+00
-5.151040945936377069e-01,-5.658583834790384404e-03,-7.034762409935556571e-01,1.000000000000000000e+00
-8.661692985670295108e-01,-1.213305785399175496e-01,-6.893024131796138265e-01,1.000000000000000000e+00
-5.074865476883407833e-01,-1.647987709667194933e-01,-6.925661485443640464e-01,1.000000000000000000e+00
-4.678726982510574839e-01,4.032262153783844338e-02,-6.445884543908603215e-01,1.000000000000000000e+00
-5.238476825677349513e-01,-2.591221366066496362e-02,-9.472555124568016183e-01,1.000000000000000000e+00
-3.284272626307394582e-01,-4.086187101007268674e-02,-5.341457720680445886e-01,1.000000000000000000e+00
-2.135366208765754892e-01,-4.278306724040211173e-01,-9.155196356787198564e-01,1.000000000000000000e+00
-3.327075885095959196e-01,-3.536188876816430404e-02,-4.650556191564431119e-01,1.000000000000000000e+00
-4.616172165663536830e-01,1.021081014137840970e-01,-2.905848840343454587e-01,1.000000000000000000e+00
-2.540602531368182371e-01,-7.990610867150300944e-02,-8.763696114353061173e-01,1.000000000000000000e+00
-1.786187540918224848e-01,2.194733856742047962e-01,-3.033506988021885675e-01,1.000000000000000000e+00
-4.899510540802416991e-01,1.125999988447267675e-01,-2.373129653765154723e-01,1.000000000000000000e+00
1.623389479466352814e-02,-1.948224290017980809e-01,-4.316067144429070468e-01,1.000000000000000000e+00
-1.275348759547956234e-01,-5.715431711354091934e-03,-5.864332242663197192e-01,1.000000000000000000e+00
-1.754820452939899744e-01,1.007820603622149175e-01,-3.217968529878949546e-01,1.000000000000000000e+00
-1.958633640768435158e-01,-6.460044197823322509e-02,-1.994014787286213508e-02,1.000000000000000000e+00
-4.012558174620957652e-01,-1.283889157911699552e-01,-2.894051982108961640e-01,1.000000000000000000e+00
-2.662854930215605154e-02,-3.086217119170081014e-01,-5.294830956004323852e-01,1.000000000000000000e+00
-5.912349379090491297e-01,-9.874424128468832496e-04,-4.667367656112368368e-01,1.000000000000000000e+00
-2.418400168515332238e-01,1.262123891070049131e-01,-3.468818551470206346e-01,1.000000000000000000e+00
-9.988819993758565885e-02,-6.462517566130562829e-02,-5.950954734952063063e-02,1.000000000000000000e+00
-3.231043013959447596e-02,-1.419964694225007151e-01,-2.028988771449082573e-01,1.000000000000000000e+00
1.002413853216003459e-01,7.605553496139487446e-02,-4.236897749790353163e-01,1.000000000000000000e+00
4.146227070158411965e-02,-2.187102022461596407e-01,1.631679205494497575e-01,1.000000000000000000e+00
1.340185944944016494e-01,5.686251711593054425e-02,-6.284977803099936478e-02,1.000000000000000000e+00
-9.373623143911943845e-02,1.351053434839719902e-01,-1.433538353500865559e-01,1.000000000000000000e+00
1.406382034828822930e-02,1.741441076885713590e-01,-1.564174824901470584e-01,1.000000000000000000e+00
-1.374038353829444281e-01,-2.389176872205613922e-01,-2.317807568777729421e-01,1.000000000000000000e+00
-3.609572374408861473e-01,1.459608032064119987e-01,3.680786436867896083e-01,1.000000000000000000e+00
3.086739771513596908e-01,-3.253407601878660071e-01,1.764446200298260825e-01,1.000000000000000000e+00
3.269120790885768901e-01,-9.176329196874548344e-02,7.692116308966423510e-02,1.000000000000000000e+00
-3.402119171213701110e-01,5.251002290899228764e-02,-1.309581909691219237e-01,1.000000000000000000e+00
1.201598511672168912e-01,-3.136721223841296147e-01,2.153956331875887531e-01,1.000000000000000000e+00
3.039888166883211174e-01,-1.588201557164057587e-01,-9.555803762318462735e-02,1.000000000000000000e+00
-3.132806025363782387e-01,-5.637773445416024987e-02,4.042658369809673524e-02,1.000000000000000000e+00
-1.734608484022595598e-01,8.643982492874599521e-02,9.157078515620337145e-02,1.000000000000000000e+00
-5.960680951012498063e-02,-1.163051911164695168e-01,4.205301199551197966e-01,1.000000000000000000e+00
2.949004589513588570e-01,-3.278039640232342095e-02,3.546637597705883382e-01,1.000000000000000000e+00
-3.912426958408057875e-02,-1.843109029389549715e-03,2.847343759064953073e-01,1.000000000000000000e+00
1.178052630614014884e-01,7.707536645447558843e-02,1.234484918239787121e-01,1.000000000000000000e+00
3.324175738753606391e-01,9.849932491237262111e-02,-2.798087891842964137e-01,1.000000000000000000e+00
4.871589033116793255e-01,-6.234117339358198340e-01,2.043088417671433954e-01,1.000000000000000000e+00
4.727722065134769558e-01,-7.951170108335955944e-02,5.796921259412912697e-02,1.000000000000000000e+00
6.751758142729810674e-02,1.870016582732487442e-01,-9.629454247565061298e-03,1.000000000000000000e+00
5.305802221509834382e-01,-3.188067690891300404e-02,1.594198286290234579e-01,1.000000000000000000e+00
2.066276739837544785e-01,-2.269411292685534765e-01,5.941190480178217825e-01,1.000000000000000000e+00
4.881536870600309275e-01,-3.701193116838050190e-01,3.628637977524034608e-01,1.000000000000000000e+00
1.873942594843391873e-01,2.294697074818403681e-01,1.959893113867450798e-01,1.000000000000000000e+00
6.991833985119539907e-01,-3.899034590860274430e-02,2.557536450893777014e-01,1.000000000000000000e+00
2.611289428142907765e-01,-1.959076970987464750e-01,2.550386803722634044e-01,1.000000000000000000e+00
4.337324771763743647e-01,-2.845724734949839352e-01,9.538755806050031039e-02,1.000000000000000000e+00
3.569493773700447292e-01,-4.031184006084259086e-01,4.021900364993307719e-01,1.000000000000000000e+00
2.691130283717034777e-01,-2.204999731833787446e-01,9.736257923851889817e-01,1.000000000000000000e+00
4.801933607516172264e-01,-1.043365779036492524e-03,2.386008290190597680e-01,1.000000000000000000e+00
3.560215182525170996e-01,-1.106844962377345754e-02,4.090454094156266152e-01,1.000000000000000000e+00
6.862526293336148608e-01,-2.988296640711310959e-01,5.763593280814136577e-01,1.000000000000000000e+00
4.051756400608185760e-01,-2.973688977311545606e-02,5.248140826426037631e-01,1.000000000000000000e+00
4.858703283162461029e-01,-1.142863348069020624e-01,5.249000395724636725e-01,1.000000000000000000e+00
6.546452909567282985e-01,-2.398984932938322961e-02,6.724942846602861568e-01,1.000000000000000000e+00
4.890239051229092748e-01,8.288689136817925518e-02,6.610520027342166038e-01,1.000000000000000000e+00
5.311739870347966797e-01,-6.038472800508341842e-02,1.065088845078971946e+00,1.000000000000000000e+00
3.417461356591051658e-01,6.760217357456380083e-02,3.642296813145963208e-01,1.000000000000000000e+00
6.704792579968514854e-01,2.234560377179416468e-01,8.572189323820403883e-01,1.000000000000000000e+00
6.782574794457355560e-01,-2.089857729862712454e-01,7.818343498658668622e-01,1.000000000000000000e+00
6.107256139783155957e-01,-2.595697349943459353e-01,7.332976022395447657e-01,1.000000000000000000e+00
7.177153022670091920e-01,-2.614386754622726738e-01,6.451623869042273363e-01,1.000000000000000000e+00
4.227837759132481721e-01,-3.561252789395208396e-02,9.301180343477420953e-01,1.000000000000000000e+00
7.578477832654477719e-01,7.337378465096133784e-02,8.527408648601620955e-01,1.000000000000000000e+00
8.064883055292231262e-01,-6.493518312060447828e-02,8.304436631857051720e-01,1.000000000000000000e+00
6.383767415595611450e-01,3.109468849724739137e-01,7.714075602838366130e-01,1.000000000000000000e+00
6.277025107239169177e-01,-5.140027905543979869e-02,9.246682148108839039e-01,1.000000000000000000e+00
4.961360556783502296e-01,7.987816777011447211e-02,8.674035518181016924e-01,1.000000000000000000e+00
5.710012538822413219e-01,8.650848994012194648e-02,1.022760700911155674e+00,1.000000000000000000e+00
5.562464262494684064e-01,1.974628198891639208e-01,1.040198945869433622e+00,1.000000000000000000e+00
8.229546656705450935e-01,1.532110985683726168e-01,9.505368227832193817e-01,1.000000000000000000e+00
8.350855391675957584e-01,-3.038840118683802105e-01,1.044702563564547271e+00,1.000000000000000000e+00
9.515977238134065708e-01,-1.760105900677272073e-01,7.794017075769805736e-01,1.000000000000000000e+00
8.977023187727687370e-01,-2.001591785952682168e-01,6.791761606410839924e-01,1.000000000000000000e+00
5.926548888836287166e-01,-8.055057319688153916e-02,4.333655782114461674e-01,1.000000000000000000e+00
9.432598434667818221e-01,-2.967075417916130164e-01,1.222659958019366444e+00,1.000000000000000000e+00
8.185014392827172358e-01,-7.683043181510160191e-02,8.882858337472262500e-01,1.000000000000000000e+00
9.548166380359726091e-01,-6.912176534350114587e-02,8.812017718264881783e-01,1.000000000000000000e+00
1.146102135778482412e+00,-4.231146656531404870e-01,1.038058311411220513e+00,1.000000000000000000e+00
1.145893145848710715e+00,-1.003765821305480366e-01,1.367234619314210420e+00,1.000000000000000000e+00
8.230989604701737239e-01,-5.163446227811381295e-01,7.892605489070902980e-01,1.000000000000000000e+00
1.122142253633943376e+00,-1.491812903647576904e-01,1.012134202754687573e+00,1.000000000000000000e+00
7.795722786954452088e-01,-1.037626277719700119e-01,7.496683344815117112e-01,1.000000000000000000e+00
1.249904347921956482e+00,3.058636115150180634e-01,1.070195201675185226e+00,1.000000000000000000e+00
1.148525384422563578e+00,-3.728004452943100011e-01,6.365257978362831581e-01,1.000000000000000000e+00
9.249856072136782847e-01,-5.015270256756236833e-01,7.101977888959841723e-01,1.000000000000000000e+00
1.403461427139874873e+00,-2.372086448977920869e-01,1.075932561526102837e+00,1.000000000000000000e+00
1.010477027003890527e+00,-3.353008206888494214e-01,1.192667370832547924e+00,1.000000000000000000e+00
1.078936132596273190e+00,-2.036441386841333356e-01,9.596845623632472844e-01,1.000000000000000000e+00
1.029922949032737511e+00,-6.003315120543060157e-01,6.018303484371498868e-01,1.000000000000000000e+00
1.058816979206536724e+00,-3.169230705506291268e-01,7.380163985472807386e-01,1.000000000000000000e+00
1.116834054504411977e+00,-3.268521334322714300e-01,5.612719113246231739e-01,1.000000000000000000e+00
9.531256019417904124e-01,-2.656351242392167022e-01,1.066486982640734826e+00,1.000000000000000000e+00
9.176569257495816867e-01,-3.249870658758443609e-01,1.189531178671276113e+00,1.000000000000000000e+00
1.315865804074622281e+00,-3.854246021483379581e-01,8.868042931789350547e-01,1.000000000000000000e+00
1.046457634767709699e+00,-2.825947162894595355e-01,1.014148447059263880e+00,1.000000000000000000e+00
1.309896785550422660e+00,-3.596740453775412738e-01,1.132990156635286461e+00,1.000000000000000000e+00
1.214436223648297064e+00,-2.390985388775920817e-01,1.136896987678956528e+00,1.000000000000000000e+00
1.045924580226256895e+00,-7.677483210866302699e-01,1.264315549891354085e+00,1.000000000000000000e+00
1.269282504623308050e+00,-7.591940772796974546e-01,8.051316146745524094e-01,1.000000000000000000e+00
1.383253369002668043e+00,-4.825021941594198616e-01,8.371606526396933035e-01,1.000000000000000000e+00
1.519787801935480021e+00,-6.463851019989967917e-01,7.710238521005594592e-01,1.000000000000000000e+00
1.292425109870964928e+00,-3.692868034763881480e-01,1.020414538089999379e+00,1.000000000000000000e+00
1.442733603915234752e+00,-4.181997984761396947e-01,1.008929976927272598e+00,1.000000000000000000e+00
1.218782479362153337e+00,-4.559995395445184951e-01,9.218895337822071712e-01,1.000000000000000000e+00
1.323580843312454958e+00,-3.247391767765206994e-01,1.000170360256047664e+00,1.000000000000000000e+00
1.299138474907198582e+00,-6.518628362128428000e-01,8.908701478801483997e-01,1.000000000000000000e+00
1.294220805525750473e+00,-4.622726762425307112e-01,1.306279262813203168e+00,1.000000000000000000e+00
1.204393014151376562e+00,-4.274016698095327027e-01,1.065756391903866174e+00,1.000000000000000000e+00
1.337863601062085017e+00,-5.531832353299742655e-02,7.630055562183551965e-01,1.000000000000000000e+00
1.391987706875002395e+00,-6.937520139665664942e-01,7.543260924329168171e-01,1.000000000000000000e+00
1.385652872340248143e+00,-3.759074536260285648e-01,8.739446869489621017e-01,1.000000000000000000e+00
1.596173492914348069e+00,-5.754108406622637784e-01,7.286729492712192835e-01,1.000000000000000000e+00
1.893418837060820703e+00,-4.888900889126093219e-01,6.356870599710727765e-01,1.000000000000000000e+00
1.221825904110773742e+00,-7.676619750601514358e-01,9.508795772743442454e-01,1.000000000000000000e+00
1.295644309962184826e+00,-5.651085978998983128e-01,7.343620888472655039e-01,1.000000000000000000e+00
1.522442389964346665e+00,-7.714499238592932295e-01,5.149737295915427504e-01,1.000000000000000000e+00
1.428409328732441530e+00,-4.934923455259411784e-01,7.791560231697565175e-01,1.000000000000000000e+00
1.228845725302533998e+00,-4.898315797195580412e-01,5.459868183047944523e-01,1.000000000000000000e+00
1.293394851495473397e+00,-8.258230010883356176e-01,9.366595314645811410e-01,1.000000000000000000e+00
1.531131399051131714e+00,-5.277949157761870902e-01,9.071100436018855184e-01,1.000000000000000000e+00
1.973498782639200089e+00,-1.002455788527935709e+00,4.908152772860940871e-01,1.000000000000000000e+00
1.294032056048913137e+00,-8.426452775981699839e-01,4.033918757808233613e-01,1.000000000000000000e+00
1.363409899172265627e+00,-9.277248080418070142e-01,6.659424464750015593e-01,1.000000000000000000e+00
1.439527951661546679e+00,-6.001710800921515876e-01,6.801252937569489676e-01,1.000000000000000000e+00
1.555410842610296607e+00,-7.830794864483752171e-01,9.820870050466872225e-01,1.000000000000000000e+00
1.487089397715734007e+00,-1.092961767772089754e+00,3.363081275968436978e-01,1.000000000000000000e+00
1.097267941908054212e+00,-7.291093285223940734e-01,4.910067801640642937e-01,1.000000000000000000e+00
1.356619609284464900e+00,-3.425448677106953110e-01,6.034221247333307891e-01,1.000000000000000000e+00
1.600230691548875761e+00,-9.431390954184926123e-01,2.717412612943443939e-01,1.000000000000000000e+00
1.466847704562511012e+00,-7.345558159919363117e-01,7.795356697346550456e-02,1.000000000000000000e+00
1.427669391162700085e+00,-7.786122724348477631e-01,3.835468154083926384e-01,1.000000000000000000e+00
1.305064836862920297e+00,-9.016378242150306921e-01,3.682950621355502996e-01,1.000000000000000000e+00
1.489682344161416427e+00,-6.851092731210783882e-01,5.966724065888828754e-01,1.000000000000000000e+00
1.416198912139956745e+00,-9.096663776939377666e-01,4.446252681910338733e-01,1.000000000000000000e+00
1.600549692612780017e+00,-9.176715601869593897e-01,4.915393435951960210e-01,1.000000000000000000e+00
1.677375639984706623e+00,-5.849173363138473469e-01,6.652798783979952946e-01,1.000000000000000000e+00
1.311018328402128397e+00,-8.529229947046887972e-01,2.878299407682878841e-01,1.000000000000000000e+00
1.467294498024290794e+00,-9.980261052631242968e-01,-3.576039335560698973e-02,1.000000000000000000e+00
1.507817014318544535e+00,-1.034336438466830987e+00,2.541625715033987154e-01,1.000000000000000000e+00
1.332608211884783955e+00,-1.113107680876798344e+00,2.592851435749297107e-01,1.000000000000000000e+00
1.523500563807608899e+00,-7.898472590175753538e-01,6.249251101721052803e-01,1.000000000000000000e+00
1.550436744889353236e+00,-8.212298916693518969e-01,-5.255208766400853992e-02,1.000000000000000000e+00
1.239022909125906846e+00,-6.142359091876590238e-01,-4.663129873080573695e-02,1.000000000000000000e+00
1.288803893895203334e+00,-9.511881072836556594e-01,9.504309928090966253e-02,1.000000000000000000e+00
1.318042281824860273e+00,-1.016938469957590963e+00,3.339019388928067267e-01,1.000000000000000000e+00
1.338058149483993375e+00,-1.247260811154647486e+00,2.514349102828455917e-01,1.000000000000000000e+00
1.598191841898682020e+00,-1.105217516477193795e+00,-2.786677250206123779e-01,1.000000000000000000e+00
1.351045601205767888e+00,-1.004645152099618244e+00,2.457256389752210113e-01,1.000000000000000000e+00
1.292653877519549077e+00,-1.023199711572530202e+00,1.224377109805237923e-01,1.000000000000000000e+00
1.023478991486690415e+00,-8.121289740647582578e-01,-2.742557926460582052e-01,1.000000000000000000e+00
1.565655969941739833e+00,-9.821370557964371750e-01,1.540010921898832819e-01,1.000000000000000000e+00
1.608728459292226631e+00,-1.519514272131024635e+00,-2.449826447939827401e-01,1.000000000000000000e+00
1.525233734059587842e+00,-1.095627654183611854e+00,-1.755943600503186153e-02,1.000000000000000000e+00
1.654277708367122735e+00,-9.475078541717381064e-01,-1.809196457667475721e-01,1.000000000000000000e+00
1.125711436423087797e+00,-1.172850004688785086e+00,-7.968654848166413507e-02,1.000000000000000000e+00
1.275226807936214346e+00,-9.680414006939220828e-01,-6.073697435118013965e-03,1.000000000000000000e+00
1.516790315483723228e+00,-1.719579961554548841e+00,-4.680431440419103861e-01,1.000000000000000000e+00
1.866518956823960407e+00,-1.228642252048426364e+00,-6.337925199796715647e-01,1.000000000000000000e+00
1.733958689392846919e+00,-1.129155360350167614e+00,-4.036390949906087933e-02,1.000000000000000000e+00
1.539693291177889556e+00,-1.052585536186374515e+00,-2.129725519016512081e-01,1.000000000000000000e+00
1.620956234137712171e+00,-7.012592808431981073e-01,-1.154144298621926912e-01,1.000000000000000000e+00
1.162312845761502400e+00,-1.079836223409036400e+00,-1.051644945813166865e-01,1.000000000000000000e+00
1.715608618152636211e+00,-1.266885858140953225e+00,-1.241052444465458038e-01,1.000000000000000000e+00
1.657070819349647728e+00,-6.794289229748617931e-01,-5.305015128484104059e-01,1.000000000000000000e+00
1.366262804052170710e+00,-1.267493021861187508e+00,-5.017113308578633468e-01,1.000000000000000000e+00
1.285726645779886379e+00,-1.771108412125199205e+00,-5.135165433072440555e-01,1.000000000000000000e+00
1.533358216683101460e+00,-1.329487125178800078e+00,-6.213964369053370795e-02,1.000000000000000000e+00
1.457686181802781311e+00,-9.848697911331008026e-01,-4.192861570145527406e-01,1.000000000000000000e+00
1.615586210843008352e+00,-1.199421599022488572e+00,-2.198686235372347975e-01,1.000000000000000000e+00
1.456556409740097813e+00,-1.168199604029586780e+00,-4.421012382447211397e-01,1.000000000000000000e+00
1.382546082793850717e+00,-1.198538718967933514e+00,-8.990602751055032371e-02,1.000000000000000000e+00
1.380730083505873118e+00,-1.207709322345750902e+00,-3.063025343460640815e-01,1.000000000000000000e+00
1.657238943564680156e+00,-1.301279903411243666e+00,-1.055257344020769761e+00,1.000000000000000000e+00
1.526681075713032243e+00,-1.759490786740683932e+00,-3.049465267792715872e-01,1.000000000000000000e+00
1.451161847122470316e+00,-1.127583842903970623e+00,-7.993307529377757792e-01,1.000000000000000000e+00
1.100467438331444781e+00,-1.287238555425861186e+00,-6.452112814527430906e-01,1.000000000000000000e+00
1.306138925614229063e+00,-1.334274152941484770e+00,-1.041805809669423821e-01,1.000000000000000000e+00
1.564607689926561740e+00,-1.153067982683400716e+00,-5.076404834235035413e-01,1.000000000000000000e+00
1.686628899892438360e+00,-1.412685786442311464e+00,-1.105711265258979115e+00,1.000000000000000000e+00
1.345832640694920812e+00,-1.223968655534778405e+00,-9.066096395732420321e-01,1.000000000000000000e+00
1.340870718278294182e+00,-1.536252843317972738e+00,-4.296823364515187649e-01,1.000000000000000000e+00
1.518411171622146227e+00,-1.279110782840012561e+00,-6.227435611107245972e-01,1.000000000000000000e+00
1.353228806049962207e+00,-1.381362751340615480e+00,-1.000602622209449288e+00,1.000000000000000000e+00
9.153334198548301881e-01,-1.402246155129979188e+00,-7.147853179123525580e-01,1.000000000000000000e+00
1.586203436732476657e+00,-1.129315058239796832e+00,-4.811069582392307753e-01,1.000000000000000000e+00
1.136261371602141690e+00,-1.525284740902378866e+00,-7.140588609679705545e-01,1.000000000000000000e+00
1.833550797959428991e+00,-1.169989294269246027e+00,-6.007516070618987847e-01,1.000000000000000000e+00
1.240705627132350886e+00,-1.653752578863593836e+00,-6.808318378880018340e-01,1.000000000000000000e+00
1.089015317012751671e+00,-1.535827796561455738e+00,-8.750195682553908449e-01,1.000000000000000000e+00
1.618406780329461503e+00,-1.570030468386764522e+00,-1.352824129099645223e+00,1.000000000000000000e+00
1.391184003859656348e+00,-1.649766731396149710e+00,-8.688096913800563703e-01,1.000000000000000000e+00
1.263220275980223128e+00,-1.575493660870480594e+00,-7.310731075101404297e-01,1.000000000000000000e+00
9.640513555546290636e-01,-1.634863644799009919e+00,-7.635751151480033583e-01,1.000000000000000000e+00
1.137669039932572179e+00,-1.863845819241550794e+00,-7.773421204882431379e-01,1.000000000000000000e+00
1.474766740949619681e+00,-1.561621251641436059e+00,-1.313315050915758952e+00,1.000000000000000000e+00
1.380805379212650008e+00,-1.895049903561702775e+00,-8.688946682818928791e-01,1.000000000000000000e+00
1.051385745580271092e+00,-1.805401029220551123e+00,-1.027954939919456301e+00,1.000000000000000000e+00
1.181291247195404459e+00,-1.712544751896816209e+00,-8.301548584752640458e-01,1.000000000000000000e+00
1.117616030579453135e+00,-1.397842313953154392e+00,-8.993823455597473870e-01,1.000000000000000000e+00
1.056006275737496169e+00,-1.777151694662527204e+00,-1.292231693415116123e+00,1.000000000000000000e+00
1.242162619903347753e+00,-1.684868701448499539e+00,-1.443676472178500703e+00,1.000000000000000000e+00
1.065183557080731092e+00,-1.804048132979598984e+00,-6.599921339965539868e-01,1.000000000000000000e+00
8.198954898977808270e-01,-1.921902715201259326e+00,-7.584056272226534778e-01,1.000000000000000000e+00
1.419744540522327014e+00,-1.792319911769336249e+00,-1.111466898160963668e+00,1.000000000000000000e+00
1.259397613148353967e+00,-2.118332056402751018e+00,-1.361313973662696908e+00,1.000000000000000000e+00
1.067582347341196503e+00,-1.352419240743802931e+00,-1.079619530169846797e+00,1.000000000000000000e+00
1.131316717766848612e+00,-1.445019736537921595e+00,-5.738654592334095916e-01,1.000000000000000000e+00
9.829838325494852924e-01,-1.684418665812751126e+00,-6.329691166420068349e-01,1.000000000000000000e+00
7.809637012970311876e-01,-1.484700859600155187e+00,-1.202548528404502104e+00,1.000000000000000000e+00
1.092775973463772088e+00,-1.747797205279892463e+00,-1.191359554524926923e+00,1.000000000000000000e+00
8.623690532090908523e-01,-1.652935978646302040e+00,-8.008871797707696194e-01,1.000000000000000000e+00
1.019582239182022843e+00,-1.703029390797482723e+00,-8.853638909207779406e-01,1.000000000000000000e+00
8.375800026884234750e-01,-1.577833006802217053e+00,-8.346998426416971650e-01,1.000000000000000000e+00
1.538839691196659309e+00,-1.809596764998960827e+00,-1.088521332694500909e+00,1.000000000000000000e+00
1.157956862831621248e+00,-1.579043079779789638e+00,-1.101626720686962324e+00,1.000000000000000000e+00
9.094212049382468521e-01,-1.643007955137758103e+00,-1.157199718972136804e+00,1.000000000000000000e+00
8.936800263293036561e-01,-1.741566674014891847e+00,-7.889398336416628688e-01,1.000000000000000000e+00
8.404454780552329529e-01,-2.136092811917519096e+00,-1.367265137470770942e+00,1.000000000000000000e+00
6.949085455375754172e-01,-2.038258453408143378e+00,-1.010061894623526468e+00,1.000000000000000000e+00
6.942909766192236765e-01,-1.924061920436729078e+00,-1.128530092087814518e+00,1.000000000000000000e+00
8.290935089438944416e-01,-1.526771859029894429e+00,-8.352790841086815687e-01,1.000000000000000000e+00
9.054036211297307180e-01,-1.891114325875319579e+00,-1.047657167967988912e+00,1.000000000000000000e+00
9.525666531388565783e-01,-1.689584936370706281e+00,-1.135266742441904508e+00,1.000000000000000000e+00
8.790124990624006429e-01,-2.220124492289764717e+00,-9.035282675538048869e-01,1.000000000000000000e+00
1.008706978740349314e+00,-1.877067107330504969e+00,-5.740935791224808238e-01,1.000000000000000000e+00
6.644544647011929595e-01,-1.784687928275364932e+00,-9.354974250363230492e-01,1.000000000000000000e+00
8.049343553068730728e-01,-1.858031771044966085e+00,-8.972562600153971557e-01,1.000000000000000000e+00
9.787465733317927130e-01,-1.566479004582669532e+00,-9.088895210970273641e-01,1.000000000000000000e+00
9.562506873597131918e-01,-1.989105056322703291e+00,-7.444344960466788841e-01,1.000000000000000000e+00
6.246960604350180191e-01,-1.637210529639740120e+00,-4.441142914096206651e-01,1.000000000000000000e+00
7.364612753537266299e-01,-2.300306454416019886e+00,-9.839119184008481289e-01,1.000000000000000000e+00
9.909161340433521037e-01,-1.757501004409042222e+00,-8.120150365195332176e-01,1.000000000000000000e+00
9.298197892470401182e-01,-1.777406643902198269e+00,-6.052066295791197481e-01,1.000000000000000000e+00
8.954004297475421925e-01,-1.575999595557836086e+00,-7.634081206627665317e-01,1.000000000000000000e+00
8.758843437304748569e-01,-1.947667881505425358e+00,-9.413455442661319283e-01,1.000000000000000000e+00
1.019392598225516311e+00,-1.848763802979317861e+00,-6.454426378686886068e-01,1.000000000000000000e+00
6.858861799412657723e-01,-2.014928716775918005e+00,-7.890761468180393923e-01,1.000000000000000000e+00
9.313312672913200974e-01,-1.792056105918458986e+00,-1.117919541714248011e+00,1.000000000000000000e+00
5.839757350358972809e-01,-1.551980713655252586e+00,-8.022445998585715499e-01,1.000000000000000000e+00
2.497216389165106687e-01,-1.535021017878984040e+00,-6.063854115996597516e-01,1.000000000000000000e+00
5.785108728374244169e-01,-1.992960813233704886e+00,-5.093011225264548747e-01,1.000000000000000000e+00
4.667188917700637596e-01,-1.693926800360981755e+00,-5.997797943522028552e-01,1.000000000000000000e+00
6.065629023547767229e-01,-1.899229514636012528e+00,-7.252106810537563009e-01,1.000000000000000000e+00
7.491770777722870367e-01,-2.106008249969061552e+00,-9.961626164167660669e-01,1.000000000000000000e+00
6.452739926344265298e-01,-1.811151312737071528e+00,-5.568638665113370134e-01,1.000000000000000000e+00
5.861857345536262143e-01,-2.005817728776584374e+00,-4.761360143773443188e-01,1.000000000000000000e+00
4.777025196289936826e-01,-2.043293736550959583e+00,-6.763294544493082538e-01,1.000000000000000000e+00
8.730389870728705315e-01,-2.296877648830983443e+00,-4.939228674283600573e-01,1.000000000000000000e+00
1.151115205676318531e-01,-1.975389908886378665e+00,-6.601586690979964755e-01,1.000000000000000000e+00
1.587901220370407929e-02,-1.879645320588398061e+00,-6.286298225512745308e-01,1.000000000000000000e+00
-5.074163281948540494e-03,-1.793097018488534200e+00,-2.444595642103523092e-01,1.000000000000000000e+00
6.946086480754614101e-01,-1.892624782924649418e+00,-5.007507330599423323e-01,1.000000000000000000e+00
6.439689017541119220e-01,-1.631191884926764812e+00,-2.614267857902717873e-01,1.000000000000000000e+00
1.717238715072353927e-01,-1.930498743146981777e+00,-3.781059061537447863e-01,1.000000000000000000e+00
-2.025526867598215208e-02,-1.879840783167249452e+00,1.101614373960707605e-02,1.000000000000000000e+00
4.512379216044523078e-01,-1.681821122663423207e+00,-3.842910618203767559e-01,1.000000000000000000e+00
2.901383371618167506e-01,-1.902885464883349531e+00,-5.610642243143979524e-01,1.000000000000000000e+00
9.350995632375491695e-02,-1.728359597575251705e+00,-1.002029832888594041e-01,1.000000000000000000e+00
6.948133654445717844e-02,-1.790345883056355447e+00,-3.685984042092434465e-01,1.000000000000000000e+00
3.170594775077425487e-01,-1.894071051247718351e+00,-1.286485532535056597e-01,1.000000000000000000e+00
2.469970726927752103e-01,-1.706095171545727096e+00,-2.417406190031323177e-01,1.000000000000000000e+00
3.366094192550544428e-01,-2.156636217570441438e+00,1.521966193880965323e-01,1.000000000000000000e+00
2.870231063342612021e-01,-1.849083385756184583e+00,-5.769070720515103723e-01,1.000000000000000000e+00
9.772665584494549806e-03,-1.745648078313628337e+00,-1.734645324190973725e-01,1.000000000000000000e+00
-2.272155647468626916e-01,-1.786951304214855929e+00,-3.150257730397427736e-01,1.000000000000000000e+00
4.190064312426945436e-01,-2.013403209387051529e+00,-1.406235243250281153e-01,1.000000000000000000e+00
3.537149216919490136e-01,-2.176403566531807776e+00,-3.553147321212075105e-01,1.000000000000000000e+00
5.978659752336277361e-02,-1.832381256702383387e+00,-3.980019291816017657e-01,1.000000000000000000e+00
-2.533740723929049921e-01,-1.833824276644888229e+00,-2.274196508054708299e-01,1.000000000000000000e+00
-1.707850954449127018e-02,-2.370524869701696957e+00,-2.175496177882197957e-01,1.000000000000000000e+00
4.097734977763648617e-02,-1.813523132654408787e+00,-2.108777102065834685e-01,1.000000000000000000e+00
3.550834125037982125e-01,-2.136787342373397625e+00,-1.680920460356215285e-01,1.000000000000000000e+00
3.121933352269761763e-01,-1.957703014930522789e+00,-1.167006810725525895e-01,1.000000000000000000e+00
-4.519191362092350728e-02,-1.729340693415918562e+00,3.121267715776739338e-01,1.000000000000000000e+00
-1.964087896337413652e-01,-2.008243996400502773e+00,6.208753931854323754e-02,1.000000000000000000e+00
-2.491778023369539130e-01,-2.010537563733965083e+00,7.026277354801292729e-02,1.000000000000000000e+00
1.572407223135444676e-01,-1.757400416270010313e+00,2.845446704643550540e-02,1.000000000000000000e+00
-1.324519703048543939e-01,-1.865353461829960757e+00,2.297003657348681283e-03,1.000000000000000000e+00
9.220736124983031079e-03,-2.014961458384418425e+00,-4.958235211891651173e-02,1.000000000000000000e+00
-3.187033861851248373e-01,-1.706978530606200639e+00,1.378842306361570957e-01,1.000000000000000000e+00
1.819262142934049975e-01,-2.097969658032020845e+00,2.521734505951048755e-01,1.000000000000000000e+00
3.136053497556994807e-01,-2.205414100061319438e+00,-1.609895889895053833e-01,1.000000000000000000e+00
7.362878989534149543e-02,-2.157835333615113704e+00,2.389343293486808073e-01,1.000000000000000000e+00
-3.196029969326501519e-01,-1.937220365910836239e+00,7.731650421019439778e-02,1.000000000000000000e+00
-2.571053982962205886e-01,-1.899112171450279218e+00,8.994052366154753342e-02,1.000000000000000000e+00
-3.797971554420097595e-01,-2.056617305078618951e+00,2.983284817081788276e-02,1.000000000000000000e+00
-3.429174988590785178e-01,-1.961290425618601230e+00,2.594796439364079887e-01,1.000000000000000000e+00
-3.312645847698308943e-01,-1.986782888182331508e+00,2.318190113696011190e-01,1.000000000000000000e+00
-1.573168415917778618e-01,-1.693203930883438346e+00,2.934397190949892265e-01,1.000000000000000000e+00
-2.169829223111979788e-01,-2.025764551198104613e+00,4.825163759765042082e-01,1.000000000000000000e+00
-1.931008945859657988e-02,-1.873395743827066751e+00,7.757947343704757470e-02,1.000000000000000000e+00
-2.600575856377314587e-01,-1.725686834347611720e+00,4.105124999128045848e-01,1.000000000000000000e+00
-1.700648403082970495e-01,-2.107260474796187388e+00,1.800048207281134682e-01,1.000000000000000000e+00
-3.592345538077711398e-01,-2.317356826406801851e+00,4.511368052161103814e-01,1.000000000000000000e+00
-1.483150298663663547e-01,-2.344685014754885000e+00,2.648535025241460228e-01,1.000000000000000000e+00
-6.302407371083456056e-01,-1.971914720356711115e+00,4.689411202583139704e-01,1.000000000000000000e+00
-1.620906205549167978e-01,-1.764747312870103890e+00,6.621269164914844740e-01,1.000000000000000000e+00
-4.308053789128836186e-01,-1.873185745146931147e+00,4.113066307568504776e-01,1.000000000000000000e+00
-3.064299960674664591e-01,-2.170304364990134793e+00,7.710391166765157012e-01,1.000000000000000000e+00
-2.585084270630226833e-01,-1.901636123057210970e+00,5.885987153362134405e-01,1.000000000000000000e+00
-4.334612098570543859e-01,-2.511876610523653408e+00,7.037749677212994381e-01,1.000000000000000000e+00
-5.538988385178038598e-01,-1.945313487429895405e+00,8.037038565491929631e-01,1.000000000000000000e+00
-5.638024470749489758e-01,-2.158695894981757846e+00,6.527707869009903296e-01,1.000000000000000000e+00
-5.528711724752064516e-01,-1.902986849425569726e+00,7.316572692568504843e-01,1.000000000000000000e+00
-3.759522696863049074e-01,-2.138352841828682571e+00,7.521921137770956056e-01,1.000000000000000000e+00
-3.431913855432545124e-01,-2.263094486887615719e+00,7.703052630430553549e-01,1.000000000000000000e+00
-7.355089585209864111e-01,-1.985195266034212036e+00,5.702726221384811778e-01,1.000000000000000000e+00
-6.695012845444069383e-01,-1.537538624846976232e+00,5.147298472759416210e-01,1.000000000000000000e+00
-8.865702552976461037e-01,-2.160769611804181256e+00,1.128994585798107630e+00,1.000000000000000000e+00
-7.620698351010571914e-01,-1.899960708587935310e+00,7.183524815379032091e-01,1.000000000000000000e+00
-8.753339467527564421e-01,-1.936171353189968691e+00,1.305449299704471100e+00,1.000000000000000000e+00
-4.247738307475941721e-01,-2.053896145762960757e+00,9.576908319483536935e-01,1.000000000000000000e+00
-8.861197263105241584e-01,-2.232609424036850587e+00,1.045928435370544252e+00,1.000000000000000000e+00
-5.043096360930893196e-01,-1.662013662787073409e+00,7.613694670134519837e-01,1.000000000000000000e+00
-7.860796446154212358e-01,-1.715021090653498170e+00,9.464155692837121769e-01,1.000000000000000000e+00
-8.477289436640187414e-01,-2.182401516349698145e+00,9.031147249336302085e-01,1.000000000000000000e+00
-5.693545517119213972e-01,-2.091581636261838018e+00,1.019756614579050646e+00,1.000000000000000000e+00
-7.348786879505246894e-01,-1.695376061342932950e+00,1.077499220718144635e+00,1.000000000000000000e+00
-9.559835984788100927e-01,-2.162005294597639793e+00,8.069268898269166268e-01,1.000000000000000000e+00
-6.550390639770240497e-01,-1.940088937771952349e+00,7.847694204926513040e-01,1.000000000000000000e+00
-1.212776526640946706e+00,-1.474101528551387652e+00,1.098082411833756433e+00,1.000000000000000000e+00
-7.100346662076153503e-01,-1.623898103264837633e+00,1.057051325417755150e+00,1.000000000000000000e+00
-9.282500525145553905e-01,-1.842878540968687417e+00,8.643695595034714962e-01,1.000000000000000000e+00
-3.676671275161781383e-01,-1.691497411919955285e+00,8.646927504048632640e-01,1.000000000000000000e+00
-8.166050835905046545e-01,-1.997280438810284053e+00,1.265317414772789029e+00,1.000000000000000000e+00
-1.056863188400980258e+00,-1.687190345485390264e+00,1.183963239738592854e+00,1.000000000000000000e+00
-8.624939925595525025e-01,-1.760689370802854592e+00,9.786641559229776188e-01,1.000000000000000000e+00
-9.653853080806755749e-01,-1.886975404962281333e+00,8.917238230551838285e-01,1.000000000000000000e+00
-6.726771338284536217e-01,-1.785273032640017910e+00,8.289555252581761735e-01,1.000000000000000000e+00
-1.086199281732711519e+00,-1.535300509265325797e+00,1.125105025895887678e+00,1.000000000000000000e+00
-8.850626402029566631e-01,-1.798568063516877480e+00,1.107897309931963559e+00,1.000000000000000000e+00
-1.139871324464334146e+00,-1.790557365002893420e+00,1.189796971144660542e+00,1.000000000000000000e+00
-8.501738729639369829e-01,-1.926470156010306578e+00,8.267105260449125748e-01,1.000000000000000000e+00
-1.016996774037368212e+00,-1.376199588045889044e+00,6.160497564198651466e-01,1.000000000000000000e+00
-9.966137258127237830e-01,-1.987858226864857913e+00,8.730099388323282472e-01,1.000000000000000000e+00
-1.138542272546920975e+00,-1.787861739690556506e+00,8.931962209924887430e-01,1.000000000000000000e+00
-1.077422497403222268e+00,-1.801810117050036908e+00,7.069090762331358135e-01,1.000000000000000000e+00
-9.359262588991834608e-01,-1.535073352358065524e+00,1.166846784245621826e+00,1.000000000000000000e+00
-1.412910237125184487e+00,-1.616644231217344796e+00,1.131586040973806107e+00,1.000000000000000000e+00
-1.323691753181481134e+00,-1.665266043700557752e+00,9.706834220665904178e-01,1.000000000000000000e+00
-7.615320429328040763e-01,-1.272768551970880901e+00,6.579816434358592980e-01,1.000000000000000000e+00
-6.435084586534574047e-01,-1.831175699619820962e+00,1.183275397224398118e+00,1.000000000000000000e+00
-9.603448436499822938e-01,-1.837628638829877037e+00,1.081456112768834465e+00,1.000000000000000000e+00
-1.187918737155396975e+00,-1.517883401033015112e+00,1.023975580587300538e+00,1.000000000000000000e+00
-9.389267107668379797e-01,-1.603828616672353657e+00,9.386847691241514413e-01,1.000000000000000000e+00
-9.705775837504504455e-01,-1.492890330739086613e+00,1.112424161121716937e+00,1.000000000000000000e+00
-1.334114951855709386e+00,-1.807986529247213703e+00,8.457063197639791419e-01,1.000000000000000000e+00
-1.336578637549357795e+00,-1.431563610428819633e+00,1.147028510602706497e+00,1.000000000000000000e+00
-1.254464938936133533e+00,-1.292395799664427969e+00,1.217502922227854611e+00,1.000000000000000000e+00
-1.185589648089065307e+00,-1.732642366029145453e+00,1.250263194705605319e+00,1.000000000000000000e+00
-1.257107764506463443e+00,-1.532625285233758738e+00,8.580526266204590025e-01,1.000000000000000000e+00
-1.433299848978190516e+00,-1.841092077661637738e+00,1.042745852211634849e+00,1.000000000000000000e+00
-1.422260455589284156e+00,-9.248770309507223786e-01,6.885750312098614101e-01,1.000000000000000000e+00
-1.527094549312533189e+00,-1.424089514404313972e+00,1.200695592311860072e+00,1.000000000000000000e+00
-1.272535689403188730e+00,-1.400919340937276214e+00,5.145990987127643246e-01,1.000000000000000000e+00
-1.430587693993865317e+00,-1.719259829190973310e+00,4.922149430070772436e-01,1.000000000000000000e+00
-1.281115772633228511e+00,-1.942191074240035453e+00,5.941479591085759848e-01,1.000000000000000000e+00
-1.421170188826700098e+00,-1.648893321735485307e+00,9.246874144308131482e-01,1.000000000000000000e+00
-1.261626716508684520e+00,-1.292810490373455412e+00,9.821649036092938712e-01,1.000000000000000000e+00
-1.103381807459546060e+00,-1.460813239412525055e+00,8.781365607840670995e-01,1.000000000000000000e+00
-1.237832125515629045e+00,-1.420884540918151639e+00,7.232409561964291411e-01,1.000000000000000000e+00
-1.415001401478037213e+00,-1.601442660057670331e+00,8.717307979918489380e-01,1.000000000000000000e+00
-1.375480157985045526e+00,-1.559211398689971606e+00,6.391867433118632036e-01,1.000000000000000000e+00
-1.606706002731139282e+00,-1.219386416835759102e+00,7.710981793111281180e-01,1.000000000000000000e+00
-1.544919040247949793e+00,-1.241957350929705939e+00,6.265447967748647429e-01,1.000000000000000000e+00
-1.661174360052125376e+00,-1.187870659351770719e+00,6.140066650665692016e-01,1.000000000000000000e+00
-1.468950478667390591e+00,-1.372265161528873012e+00,9.322779155612013202e-01,1.000000000000000000e+00
-1.390239699275087393e+00,-1.608650312623960410e+00,7.944231866102784423e-01,1.000000000000000000e+00
-1.498100548026064072e+00,-9.795093391782794257e-01,6.668767489374057833e-01,1.000000000000000000e+00
-1.854743010483937971e+00,-1.273831769606347919e+00,1.037050113841202048e+00,1.000000000000000000e+00
-1.098961971252089054e+00,-9.672697904506484257e-01,4.247973648832013005e-01,1.000000000000000000e+00
-1.237901461856247387e+00,-1.465962571751838972e+00,6.538274035941923357e-01,1.000000000000000000e+00
-1.680883152177221174e+00,-1.438506850030574213e+00,4.535541246866796605e-01,1.000000000000000000e+00
-1.252316204021675095e+00,-1.137474817908580293e+00,6.236279575867026415e-01,1.000000000000000000e+00
-1.707619096333559572e+00,-1.347902288234499757e+00,3.981408950100343014e-01,1.000000000000000000e+00
-1.268879299911571668e+00,-1.037847913652455434e+00,7.373943747331782594e-01,1.000000000000000000e+00
-1.598909222456585510e+00,-1.809258631748503099e+00,1.511443037374500253e-01,1.000000000000000000e+00
-1.168361278280587001e+00,-1.329428682141217344e+00,3.324912308922476356e-01,1.000000000000000000e+00
-1.128745634135526865e+00,-9.839318862562083101e-01,4.653193037946725119e-01,1.000000000000000000e+00
-1.520318285679517434e+00,-1.251132729524607745e+00,4.833635400691714823e-01,1.000000000000000000e+00
-1.145756450312205743e+00,-1.127931986652104701e+00,5.603604916910275291e-01,1.000000000000000000e+00
-1.235807733824744625e+00,-1.434039977217929307e+00,5.430874956904069295e-01,1.000000000000000000e+00
-1.532238347919103738e+00,-1.690971396043133401e+00,-5.680702100224788165e-02,1.000000000000000000e+00
-1.680377372198212260e+00,-1.069125523823698298e+00,3.680646771055423039e-01,1.000000000000000000e+00
-1.443075629235377244e+00,-7.727714815721180575e-01,6.774574083253503964e-02,1.000000000000000000e+00
-1.488396123580791652e+00,-1.089637245571250856e+00,1.503640189348445511e-01,1.000000000000000000e+00
-1.479969477728481309e+00,-1.458054524072724067e+00,5.554661276708983131e-01,1.000000000000000000e+00
-1.624447571084887576e+00,-7.193030419429120581e-01,2.426828294937626029e-01,1.000000000000000000e+00
-1.284767846414375247e+00,-1.123742155754618111e+00,2.185637205098769631e-01,1.000000000000000000e+00
-1.609202032791006376e+00,-1.076737374606752562e+00,2.637045158958542523e-01,1.000000000000000000e+00
-1.651028862437305955e+00,-1.113035678534762596e+00,5.335039633079298460e-02,1.000000000000000000e+00
-1.035788446726233270e+00,-1.093423628008139525e+00,4.595707804733259461e-01,1.000000000000000000e+00
-1.536152687483400614e+00,-1.011058657795905535e+00,-1.386897394304399955e-01,1.000000000000000000e+00
-1.587512353833578249e+00,-1.008237988967179977e+00,4.177629266719825041e-01,1.000000000000000000e+00
-1.454533377946261474e+00,-7.610216059661714105e-01,2.036232960664001168e-01,1.000000000000000000e+00
-1.174044115568366964e+00,-1.036988889181150508e+00,5.283894652553913218e-01,1.000000000000000000e+00
-1.596960331735046035e+00,-1.165883587837990953e+00,-2.168301242176672028e-01,1.000000000000000000e+00
-1.033795065688385861e+00,-8.361104854764207506e-01,-6.682414667606120795e-02,1.000000000000000000e+00
